API名称,语言,SDK变更版本,影响版本,标题,代码位置,修复状态,变更类型
"declare function animateTo(value: AnimateParam, event: () => void): void",ArkTS,5.0.1(13) Release,ALL,"=HYPERLINK(""https://developer.huawei.com/consumer/cn/doc/harmonyos-releases/changelogs-for-all-apps-b112#%E5%8A%A8%E7%94%BB%E6%8E%A5%E5%8F%A3%E5%9C%A8%E6%92%AD%E6%94%BE%E6%AC%A1%E6%95%B0%E4%B8%BA%E6%97%A0%E9%99%90%E5%BE%AA%E7%8E%AF%E6%97%B6%E7%9A%84%E8%A1%8C%E4%B8%BA%E5%8F%98%E6%9B%B4"",""动画接口在播放次数为无限循环时的行为变更"")",default\src\main\ets\form_cards\ABCDCard.ets:70,已修复,接口行为变更
"declare function animateTo(value: AnimateParam, event: () => void): void",ArkTS,5.0.1(13) Release,ALL,"=HYPERLINK(""https://developer.huawei.com/consumer/cn/doc/harmonyos-releases/changelogs-for-all-apps-b112#%E5%8A%A8%E7%94%BB%E6%8E%A5%E5%8F%A3%E5%9C%A8%E6%92%AD%E6%94%BE%E6%AC%A1%E6%95%B0%E4%B8%BA%E6%97%A0%E9%99%90%E5%BE%AA%E7%8E%AF%E6%97%B6%E7%9A%84%E8%A1%8C%E4%B8%BA%E5%8F%98%E6%9B%B4"",""动画接口在播放次数为无限循环时的行为变更"")",default\src\main\ets\form_cards\BlessingMuyuCard.ets:45,已修复,接口行为变更
"declare function animateTo(value: AnimateParam, event: () => void): void",ArkTS,5.0.1(13) Release,ALL,"=HYPERLINK(""https://developer.huawei.com/consumer/cn/doc/harmonyos-releases/changelogs-for-all-apps-b112#%E5%8A%A8%E7%94%BB%E6%8E%A5%E5%8F%A3%E5%9C%A8%E6%92%AD%E6%94%BE%E6%AC%A1%E6%95%B0%E4%B8%BA%E6%97%A0%E9%99%90%E5%BE%AA%E7%8E%AF%E6%97%B6%E7%9A%84%E8%A1%8C%E4%B8%BA%E5%8F%98%E6%9B%B4"",""动画接口在播放次数为无限循环时的行为变更"")",default\src\main\ets\form_cards\BlessingMuyuCard.ets:47,已修复,接口行为变更
"declare function animateTo(value: AnimateParam, event: () => void): void",ArkTS,5.0.1(13) Release,ALL,"=HYPERLINK(""https://developer.huawei.com/consumer/cn/doc/harmonyos-releases/changelogs-for-all-apps-b112#%E5%8A%A8%E7%94%BB%E6%8E%A5%E5%8F%A3%E5%9C%A8%E6%92%AD%E6%94%BE%E6%AC%A1%E6%95%B0%E4%B8%BA%E6%97%A0%E9%99%90%E5%BE%AA%E7%8E%AF%E6%97%B6%E7%9A%84%E8%A1%8C%E4%B8%BA%E5%8F%98%E6%9B%B4"",""动画接口在播放次数为无限循环时的行为变更"")",default\src\main\ets\form_cards\FlipCoinCard.ets:37,已修复,接口行为变更
"declare function animateTo(value: AnimateParam, event: () => void): void",ArkTS,5.0.1(13) Release,ALL,"=HYPERLINK(""https://developer.huawei.com/consumer/cn/doc/harmonyos-releases/changelogs-for-all-apps-b112#%E5%8A%A8%E7%94%BB%E6%8E%A5%E5%8F%A3%E5%9C%A8%E6%92%AD%E6%94%BE%E6%AC%A1%E6%95%B0%E4%B8%BA%E6%97%A0%E9%99%90%E5%BE%AA%E7%8E%AF%E6%97%B6%E7%9A%84%E8%A1%8C%E4%B8%BA%E5%8F%98%E6%9B%B4"",""动画接口在播放次数为无限循环时的行为变更"")",default\src\main\ets\sub_pages\blessing_muyu\BlessingMuyu.ets:309,已修复,接口行为变更
"declare function animateTo(value: AnimateParam, event: () => void): void",ArkTS,5.0.1(13) Release,ALL,"=HYPERLINK(""https://developer.huawei.com/consumer/cn/doc/harmonyos-releases/changelogs-for-all-apps-b112#%E5%8A%A8%E7%94%BB%E6%8E%A5%E5%8F%A3%E5%9C%A8%E6%92%AD%E6%94%BE%E6%AC%A1%E6%95%B0%E4%B8%BA%E6%97%A0%E9%99%90%E5%BE%AA%E7%8E%AF%E6%97%B6%E7%9A%84%E8%A1%8C%E4%B8%BA%E5%8F%98%E6%9B%B4"",""动画接口在播放次数为无限循环时的行为变更"")",default\src\main\ets\sub_pages\blessing_muyu\BlessingMuyu.ets:316,已修复,接口行为变更
"declare function animateTo(value: AnimateParam, event: () => void): void",ArkTS,5.0.1(13) Release,ALL,"=HYPERLINK(""https://developer.huawei.com/consumer/cn/doc/harmonyos-releases/changelogs-for-all-apps-b112#%E5%8A%A8%E7%94%BB%E6%8E%A5%E5%8F%A3%E5%9C%A8%E6%92%AD%E6%94%BE%E6%AC%A1%E6%95%B0%E4%B8%BA%E6%97%A0%E9%99%90%E5%BE%AA%E7%8E%AF%E6%97%B6%E7%9A%84%E8%A1%8C%E4%B8%BA%E5%8F%98%E6%9B%B4"",""动画接口在播放次数为无限循环时的行为变更"")",default\src\main\ets\sub_pages\blessing_muyu\BlessingMuyu.ets:321,已修复,接口行为变更
"declare function animateTo(value: AnimateParam, event: () => void): void",ArkTS,5.0.1(13) Release,ALL,"=HYPERLINK(""https://developer.huawei.com/consumer/cn/doc/harmonyos-releases/changelogs-for-all-apps-b112#%E5%8A%A8%E7%94%BB%E6%8E%A5%E5%8F%A3%E5%9C%A8%E6%92%AD%E6%94%BE%E6%AC%A1%E6%95%B0%E4%B8%BA%E6%97%A0%E9%99%90%E5%BE%AA%E7%8E%AF%E6%97%B6%E7%9A%84%E8%A1%8C%E4%B8%BA%E5%8F%98%E6%9B%B4"",""动画接口在播放次数为无限循环时的行为变更"")",default\src\main\ets\sub_pages\blessing_muyu\BlessingMuyu_V2.ets:183,已修复,接口行为变更
"declare function animateTo(value: AnimateParam, event: () => void): void",ArkTS,5.0.1(13) Release,ALL,"=HYPERLINK(""https://developer.huawei.com/consumer/cn/doc/harmonyos-releases/changelogs-for-all-apps-b112#%E5%8A%A8%E7%94%BB%E6%8E%A5%E5%8F%A3%E5%9C%A8%E6%92%AD%E6%94%BE%E6%AC%A1%E6%95%B0%E4%B8%BA%E6%97%A0%E9%99%90%E5%BE%AA%E7%8E%AF%E6%97%B6%E7%9A%84%E8%A1%8C%E4%B8%BA%E5%8F%98%E6%9B%B4"",""动画接口在播放次数为无限循环时的行为变更"")",default\src\main\ets\sub_pages\blessing_muyu\BlessingMuyu_V2.ets:186,已修复,接口行为变更
"declare function animateTo(value: AnimateParam, event: () => void): void",ArkTS,5.0.1(13) Release,ALL,"=HYPERLINK(""https://developer.huawei.com/consumer/cn/doc/harmonyos-releases/changelogs-for-all-apps-b112#%E5%8A%A8%E7%94%BB%E6%8E%A5%E5%8F%A3%E5%9C%A8%E6%92%AD%E6%94%BE%E6%AC%A1%E6%95%B0%E4%B8%BA%E6%97%A0%E9%99%90%E5%BE%AA%E7%8E%AF%E6%97%B6%E7%9A%84%E8%A1%8C%E4%B8%BA%E5%8F%98%E6%9B%B4"",""动画接口在播放次数为无限循环时的行为变更"")",default\src\main\ets\sub_pages\blessing_muyu\BlessingMuyu_V2.ets:218,已修复,接口行为变更
"declare function animateTo(value: AnimateParam, event: () => void): void",ArkTS,5.0.1(13) Release,ALL,"=HYPERLINK(""https://developer.huawei.com/consumer/cn/doc/harmonyos-releases/changelogs-for-all-apps-b112#%E5%8A%A8%E7%94%BB%E6%8E%A5%E5%8F%A3%E5%9C%A8%E6%92%AD%E6%94%BE%E6%AC%A1%E6%95%B0%E4%B8%BA%E6%97%A0%E9%99%90%E5%BE%AA%E7%8E%AF%E6%97%B6%E7%9A%84%E8%A1%8C%E4%B8%BA%E5%8F%98%E6%9B%B4"",""动画接口在播放次数为无限循环时的行为变更"")",default\src\main\ets\sub_pages\blessing_muyu\BlessingMuyu_V2.ets:223,已修复,接口行为变更
"declare function animateTo(value: AnimateParam, event: () => void): void",ArkTS,5.0.1(13) Release,ALL,"=HYPERLINK(""https://developer.huawei.com/consumer/cn/doc/harmonyos-releases/changelogs-for-all-apps-b112#%E5%8A%A8%E7%94%BB%E6%8E%A5%E5%8F%A3%E5%9C%A8%E6%92%AD%E6%94%BE%E6%AC%A1%E6%95%B0%E4%B8%BA%E6%97%A0%E9%99%90%E5%BE%AA%E7%8E%AF%E6%97%B6%E7%9A%84%E8%A1%8C%E4%B8%BA%E5%8F%98%E6%9B%B4"",""动画接口在播放次数为无限循环时的行为变更"")",default\src\main\ets\sub_pages\blessing_muyu\BlessingMuyu_V2.ets:227,已修复,接口行为变更
"declare function animateTo(value: AnimateParam, event: () => void): void",ArkTS,5.0.1(13) Release,ALL,"=HYPERLINK(""https://developer.huawei.com/consumer/cn/doc/harmonyos-releases/changelogs-for-all-apps-b112#%E5%8A%A8%E7%94%BB%E6%8E%A5%E5%8F%A3%E5%9C%A8%E6%92%AD%E6%94%BE%E6%AC%A1%E6%95%B0%E4%B8%BA%E6%97%A0%E9%99%90%E5%BE%AA%E7%8E%AF%E6%97%B6%E7%9A%84%E8%A1%8C%E4%B8%BA%E5%8F%98%E6%9B%B4"",""动画接口在播放次数为无限循环时的行为变更"")",default\src\main\ets\sub_pages\devine_bagua\DevineBaGua.ets:495,已修复,接口行为变更
"declare function postCardAction(component: Object, action: Object): void",ArkTS,5.0.1(13) Release,ALL,"=HYPERLINK(""https://developer.huawei.com/consumer/cn/doc/harmonyos-releases/changelogs-for-all-apps-b112#postcardaction%E7%9A%84router%E4%BA%8B%E4%BB%B6%E5%85%81%E8%AE%B8%E6%8B%89%E8%B5%B7ability%E7%B1%BB%E5%9E%8B%E8%8C%83%E5%9B%B4%E5%8F%98%E6%9B%B4"",""PostCardAction的router事件允许拉起Ability类型范围变更"")",default\src\main\ets\form_cards\BlessingMuyuCard.ets:57,已修复,接口行为变更
"navDestination(builder: (name: string, param: unknown) => void): NavigationAttribute",ArkTS,5.0.1(13) Release,5.0.1(13) - 6.1.0(23),"=HYPERLINK(""https://developer.huawei.com/consumer/cn/doc/harmonyos-releases/changelogs-ux-b112#navdestination%E7%9A%84dialog%E6%A8%A1%E5%BC%8F%E9%BB%98%E8%AE%A4%E6%94%AF%E6%8C%81%E7%B3%BB%E7%BB%9F%E5%8A%A8%E7%94%BB"",""NavDestination的Dialog模式默认支持系统动画"")",default\src\main\ets\pages\RollPage\RollEditor.ets:133,已修复,UX视觉布局变更
declare const NavDestination: NavDestinationInterface,ArkTS,5.0.1(13) Release,5.0.1(13) - 6.1.0(23),"=HYPERLINK(""https://developer.huawei.com/consumer/cn/doc/harmonyos-releases/changelogs-ux-b112#navdestination%E7%9A%84dialog%E6%A8%A1%E5%BC%8F%E9%BB%98%E8%AE%A4%E6%94%AF%E6%8C%81%E7%B3%BB%E7%BB%9F%E5%8A%A8%E7%94%BB"",""NavDestination的Dialog模式默认支持系统动画"")",default\src\main\ets\pages\RollPage\RollDetailEditor.ets:30,已修复,UX视觉布局变更
declare const NavDestination: NavDestinationInterface,ArkTS,5.0.1(13) Release,5.0.1(13) - 6.1.0(23),"=HYPERLINK(""https://developer.huawei.com/consumer/cn/doc/harmonyos-releases/changelogs-ux-b112#navdestination%E7%9A%84dialog%E6%A8%A1%E5%BC%8F%E9%BB%98%E8%AE%A4%E6%94%AF%E6%8C%81%E7%B3%BB%E7%BB%9F%E5%8A%A8%E7%94%BB"",""NavDestination的Dialog模式默认支持系统动画"")",default\src\main\ets\pages\SettingPage\AboutUs.ets:48,已修复,UX视觉布局变更
declare const NavDestination: NavDestinationInterface,ArkTS,5.0.1(13) Release,5.0.1(13) - 6.1.0(23),"=HYPERLINK(""https://developer.huawei.com/consumer/cn/doc/harmonyos-releases/changelogs-ux-b112#navdestination%E7%9A%84dialog%E6%A8%A1%E5%BC%8F%E9%BB%98%E8%AE%A4%E6%94%AF%E6%8C%81%E7%B3%BB%E7%BB%9F%E5%8A%A8%E7%94%BB"",""NavDestination的Dialog模式默认支持系统动画"")",default\src\main\ets\pages\SettingPage\ContactUs.ets:23,已修复,UX视觉布局变更
declare const NavDestination: NavDestinationInterface,ArkTS,5.0.1(13) Release,5.0.1(13) - 6.1.0(23),"=HYPERLINK(""https://developer.huawei.com/consumer/cn/doc/harmonyos-releases/changelogs-ux-b112#navdestination%E7%9A%84dialog%E6%A8%A1%E5%BC%8F%E9%BB%98%E8%AE%A4%E6%94%AF%E6%8C%81%E7%B3%BB%E7%BB%9F%E5%8A%A8%E7%94%BB"",""NavDestination的Dialog模式默认支持系统动画"")",default\src\main\ets\pages\SettingPage\CopyRight.ets:10,已修复,UX视觉布局变更
declare const NavDestination: NavDestinationInterface,ArkTS,5.0.1(13) Release,5.0.1(13) - 6.1.0(23),"=HYPERLINK(""https://developer.huawei.com/consumer/cn/doc/harmonyos-releases/changelogs-ux-b112#navdestination%E7%9A%84dialog%E6%A8%A1%E5%BC%8F%E9%BB%98%E8%AE%A4%E6%94%AF%E6%8C%81%E7%B3%BB%E7%BB%9F%E5%8A%A8%E7%94%BB"",""NavDestination的Dialog模式默认支持系统动画"")",default\src\main\ets\pages\SettingPage\MoreOpt.ets:117,已修复,UX视觉布局变更
declare const NavDestination: NavDestinationInterface,ArkTS,5.0.1(13) Release,5.0.1(13) - 6.1.0(23),"=HYPERLINK(""https://developer.huawei.com/consumer/cn/doc/harmonyos-releases/changelogs-ux-b112#navdestination%E7%9A%84dialog%E6%A8%A1%E5%BC%8F%E9%BB%98%E8%AE%A4%E6%94%AF%E6%8C%81%E7%B3%BB%E7%BB%9F%E5%8A%A8%E7%94%BB"",""NavDestination的Dialog模式默认支持系统动画"")",default\src\main\ets\pages\SettingPage\Options.ets:118,已修复,UX视觉布局变更
declare const NavDestination: NavDestinationInterface,ArkTS,5.0.1(13) Release,5.0.1(13) - 6.1.0(23),"=HYPERLINK(""https://developer.huawei.com/consumer/cn/doc/harmonyos-releases/changelogs-ux-b112#navdestination%E7%9A%84dialog%E6%A8%A1%E5%BC%8F%E9%BB%98%E8%AE%A4%E6%94%AF%E6%8C%81%E7%B3%BB%E7%BB%9F%E5%8A%A8%E7%94%BB"",""NavDestination的Dialog模式默认支持系统动画"")",default\src\main\ets\pages\SettingPage\PrivacyPolicy.ets:14,已修复,UX视觉布局变更
declare const NavDestination: NavDestinationInterface,ArkTS,5.0.1(13) Release,5.0.1(13) - 6.1.0(23),"=HYPERLINK(""https://developer.huawei.com/consumer/cn/doc/harmonyos-releases/changelogs-ux-b112#navdestination%E7%9A%84dialog%E6%A8%A1%E5%BC%8F%E9%BB%98%E8%AE%A4%E6%94%AF%E6%8C%81%E7%B3%BB%E7%BB%9F%E5%8A%A8%E7%94%BB"",""NavDestination的Dialog模式默认支持系统动画"")",default\src\main\ets\sub_pages\text_marquee\TextMarquee.ets:81,已修复,UX视觉布局变更
declare interface AnimateParam,ArkTS,5.0.1(13) Beta3,ALL,"=HYPERLINK(""https://developer.huawei.com/consumer/cn/doc/harmonyos-releases/changelogs-ux-b106#%E5%B1%9E%E6%80%A7%E5%8A%A8%E7%94%BBonfinish%E7%BB%93%E6%9D%9F%E5%9B%9E%E8%B0%83%E5%9C%A8uiability%E9%80%80%E5%90%8E%E5%8F%B0%E6%97%B6%E5%9B%A0%E6%9C%89%E9%99%90%E5%BE%AA%E7%8E%AF%E5%8A%A8%E7%94%BB%E8%A2%AB%E7%BB%88%E6%AD%A2%E8%80%8C%E6%8F%90%E5%89%8D%E8%A7%A6%E5%8F%91"",""属性动画onFinish结束回调在UIAbility退后台时因有限循环动画被终止而提前触发"")",default\src\main\ets\design_privew\spare.ets:120,已修复,UX交互行为变更
declare interface AnimateParam,ArkTS,5.0.1(13) Beta3,ALL,"=HYPERLINK(""https://developer.huawei.com/consumer/cn/doc/harmonyos-releases/changelogs-ux-b106#%E5%B1%9E%E6%80%A7%E5%8A%A8%E7%94%BBonfinish%E7%BB%93%E6%9D%9F%E5%9B%9E%E8%B0%83%E5%9C%A8uiability%E9%80%80%E5%90%8E%E5%8F%B0%E6%97%B6%E5%9B%A0%E6%9C%89%E9%99%90%E5%BE%AA%E7%8E%AF%E5%8A%A8%E7%94%BB%E8%A2%AB%E7%BB%88%E6%AD%A2%E8%80%8C%E6%8F%90%E5%89%8D%E8%A7%A6%E5%8F%91"",""属性动画onFinish结束回调在UIAbility退后台时因有限循环动画被终止而提前触发"")",default\src\main\ets\form_cards\ABCDCard.ets:51,已修复,UX交互行为变更
declare interface AnimateParam,ArkTS,5.0.1(13) Beta3,ALL,"=HYPERLINK(""https://developer.huawei.com/consumer/cn/doc/harmonyos-releases/changelogs-ux-b106#%E5%B1%9E%E6%80%A7%E5%8A%A8%E7%94%BBonfinish%E7%BB%93%E6%9D%9F%E5%9B%9E%E8%B0%83%E5%9C%A8uiability%E9%80%80%E5%90%8E%E5%8F%B0%E6%97%B6%E5%9B%A0%E6%9C%89%E9%99%90%E5%BE%AA%E7%8E%AF%E5%8A%A8%E7%94%BB%E8%A2%AB%E7%BB%88%E6%AD%A2%E8%80%8C%E6%8F%90%E5%89%8D%E8%A7%A6%E5%8F%91"",""属性动画onFinish结束回调在UIAbility退后台时因有限循环动画被终止而提前触发"")",default\src\main\ets\form_cards\ABCDCard.ets:70,已修复,UX交互行为变更
declare interface AnimateParam,ArkTS,5.0.1(13) Beta3,ALL,"=HYPERLINK(""https://developer.huawei.com/consumer/cn/doc/harmonyos-releases/changelogs-ux-b106#%E5%B1%9E%E6%80%A7%E5%8A%A8%E7%94%BBonfinish%E7%BB%93%E6%9D%9F%E5%9B%9E%E8%B0%83%E5%9C%A8uiability%E9%80%80%E5%90%8E%E5%8F%B0%E6%97%B6%E5%9B%A0%E6%9C%89%E9%99%90%E5%BE%AA%E7%8E%AF%E5%8A%A8%E7%94%BB%E8%A2%AB%E7%BB%88%E6%AD%A2%E8%80%8C%E6%8F%90%E5%89%8D%E8%A7%A6%E5%8F%91"",""属性动画onFinish结束回调在UIAbility退后台时因有限循环动画被终止而提前触发"")",default\src\main\ets\form_cards\BaGuaCard.ets:14,已修复,UX交互行为变更
declare interface AnimateParam,ArkTS,5.0.1(13) Beta3,ALL,"=HYPERLINK(""https://developer.huawei.com/consumer/cn/doc/harmonyos-releases/changelogs-ux-b106#%E5%B1%9E%E6%80%A7%E5%8A%A8%E7%94%BBonfinish%E7%BB%93%E6%9D%9F%E5%9B%9E%E8%B0%83%E5%9C%A8uiability%E9%80%80%E5%90%8E%E5%8F%B0%E6%97%B6%E5%9B%A0%E6%9C%89%E9%99%90%E5%BE%AA%E7%8E%AF%E5%8A%A8%E7%94%BB%E8%A2%AB%E7%BB%88%E6%AD%A2%E8%80%8C%E6%8F%90%E5%89%8D%E8%A7%A6%E5%8F%91"",""属性动画onFinish结束回调在UIAbility退后台时因有限循环动画被终止而提前触发"")",default\src\main\ets\form_cards\BaGuaCard.ets:20,已修复,UX交互行为变更
declare interface AnimateParam,ArkTS,5.0.1(13) Beta3,ALL,"=HYPERLINK(""https://developer.huawei.com/consumer/cn/doc/harmonyos-releases/changelogs-ux-b106#%E5%B1%9E%E6%80%A7%E5%8A%A8%E7%94%BBonfinish%E7%BB%93%E6%9D%9F%E5%9B%9E%E8%B0%83%E5%9C%A8uiability%E9%80%80%E5%90%8E%E5%8F%B0%E6%97%B6%E5%9B%A0%E6%9C%89%E9%99%90%E5%BE%AA%E7%8E%AF%E5%8A%A8%E7%94%BB%E8%A2%AB%E7%BB%88%E6%AD%A2%E8%80%8C%E6%8F%90%E5%89%8D%E8%A7%A6%E5%8F%91"",""属性动画onFinish结束回调在UIAbility退后台时因有限循环动画被终止而提前触发"")",default\src\main\ets\form_cards\BlessingMuyuCard.ets:45,已修复,UX交互行为变更
declare interface AnimateParam,ArkTS,5.0.1(13) Beta3,ALL,"=HYPERLINK(""https://developer.huawei.com/consumer/cn/doc/harmonyos-releases/changelogs-ux-b106#%E5%B1%9E%E6%80%A7%E5%8A%A8%E7%94%BBonfinish%E7%BB%93%E6%9D%9F%E5%9B%9E%E8%B0%83%E5%9C%A8uiability%E9%80%80%E5%90%8E%E5%8F%B0%E6%97%B6%E5%9B%A0%E6%9C%89%E9%99%90%E5%BE%AA%E7%8E%AF%E5%8A%A8%E7%94%BB%E8%A2%AB%E7%BB%88%E6%AD%A2%E8%80%8C%E6%8F%90%E5%89%8D%E8%A7%A6%E5%8F%91"",""属性动画onFinish结束回调在UIAbility退后台时因有限循环动画被终止而提前触发"")",default\src\main\ets\form_cards\BlessingMuyuCard.ets:47,已修复,UX交互行为变更
declare interface AnimateParam,ArkTS,5.0.1(13) Beta3,ALL,"=HYPERLINK(""https://developer.huawei.com/consumer/cn/doc/harmonyos-releases/changelogs-ux-b106#%E5%B1%9E%E6%80%A7%E5%8A%A8%E7%94%BBonfinish%E7%BB%93%E6%9D%9F%E5%9B%9E%E8%B0%83%E5%9C%A8uiability%E9%80%80%E5%90%8E%E5%8F%B0%E6%97%B6%E5%9B%A0%E6%9C%89%E9%99%90%E5%BE%AA%E7%8E%AF%E5%8A%A8%E7%94%BB%E8%A2%AB%E7%BB%88%E6%AD%A2%E8%80%8C%E6%8F%90%E5%89%8D%E8%A7%A6%E5%8F%91"",""属性动画onFinish结束回调在UIAbility退后台时因有限循环动画被终止而提前触发"")",default\src\main\ets\form_cards\FlipCoinCard.ets:37,已修复,UX交互行为变更
declare interface AnimateParam,ArkTS,5.0.1(13) Beta3,ALL,"=HYPERLINK(""https://developer.huawei.com/consumer/cn/doc/harmonyos-releases/changelogs-ux-b106#%E5%B1%9E%E6%80%A7%E5%8A%A8%E7%94%BBonfinish%E7%BB%93%E6%9D%9F%E5%9B%9E%E8%B0%83%E5%9C%A8uiability%E9%80%80%E5%90%8E%E5%8F%B0%E6%97%B6%E5%9B%A0%E6%9C%89%E9%99%90%E5%BE%AA%E7%8E%AF%E5%8A%A8%E7%94%BB%E8%A2%AB%E7%BB%88%E6%AD%A2%E8%80%8C%E6%8F%90%E5%89%8D%E8%A7%A6%E5%8F%91"",""属性动画onFinish结束回调在UIAbility退后台时因有限循环动画被终止而提前触发"")",default\src\main\ets\form_cards\RandomColorsCard.ets:13,已修复,UX交互行为变更
declare interface AnimateParam,ArkTS,5.0.1(13) Beta3,ALL,"=HYPERLINK(""https://developer.huawei.com/consumer/cn/doc/harmonyos-releases/changelogs-ux-b106#%E5%B1%9E%E6%80%A7%E5%8A%A8%E7%94%BBonfinish%E7%BB%93%E6%9D%9F%E5%9B%9E%E8%B0%83%E5%9C%A8uiability%E9%80%80%E5%90%8E%E5%8F%B0%E6%97%B6%E5%9B%A0%E6%9C%89%E9%99%90%E5%BE%AA%E7%8E%AF%E5%8A%A8%E7%94%BB%E8%A2%AB%E7%BB%88%E6%AD%A2%E8%80%8C%E6%8F%90%E5%89%8D%E8%A7%A6%E5%8F%91"",""属性动画onFinish结束回调在UIAbility退后台时因有限循环动画被终止而提前触发"")",default\src\main\ets\form_cards\RollDiceCard.ets:16,已修复,UX交互行为变更
declare interface AnimateParam,ArkTS,5.0.1(13) Beta3,ALL,"=HYPERLINK(""https://developer.huawei.com/consumer/cn/doc/harmonyos-releases/changelogs-ux-b106#%E5%B1%9E%E6%80%A7%E5%8A%A8%E7%94%BBonfinish%E7%BB%93%E6%9D%9F%E5%9B%9E%E8%B0%83%E5%9C%A8uiability%E9%80%80%E5%90%8E%E5%8F%B0%E6%97%B6%E5%9B%A0%E6%9C%89%E9%99%90%E5%BE%AA%E7%8E%AF%E5%8A%A8%E7%94%BB%E8%A2%AB%E7%BB%88%E6%AD%A2%E8%80%8C%E6%8F%90%E5%89%8D%E8%A7%A6%E5%8F%91"",""属性动画onFinish结束回调在UIAbility退后台时因有限循环动画被终止而提前触发"")",default\src\main\ets\pages\AllasOne.ets:328,已修复,UX交互行为变更
declare interface AnimateParam,ArkTS,5.0.1(13) Beta3,ALL,"=HYPERLINK(""https://developer.huawei.com/consumer/cn/doc/harmonyos-releases/changelogs-ux-b106#%E5%B1%9E%E6%80%A7%E5%8A%A8%E7%94%BBonfinish%E7%BB%93%E6%9D%9F%E5%9B%9E%E8%B0%83%E5%9C%A8uiability%E9%80%80%E5%90%8E%E5%8F%B0%E6%97%B6%E5%9B%A0%E6%9C%89%E9%99%90%E5%BE%AA%E7%8E%AF%E5%8A%A8%E7%94%BB%E8%A2%AB%E7%BB%88%E6%AD%A2%E8%80%8C%E6%8F%90%E5%89%8D%E8%A7%A6%E5%8F%91"",""属性动画onFinish结束回调在UIAbility退后台时因有限循环动画被终止而提前触发"")",default\src\main\ets\pages\AllasOne.ets:330,已修复,UX交互行为变更
declare interface AnimateParam,ArkTS,5.0.1(13) Beta3,ALL,"=HYPERLINK(""https://developer.huawei.com/consumer/cn/doc/harmonyos-releases/changelogs-ux-b106#%E5%B1%9E%E6%80%A7%E5%8A%A8%E7%94%BBonfinish%E7%BB%93%E6%9D%9F%E5%9B%9E%E8%B0%83%E5%9C%A8uiability%E9%80%80%E5%90%8E%E5%8F%B0%E6%97%B6%E5%9B%A0%E6%9C%89%E9%99%90%E5%BE%AA%E7%8E%AF%E5%8A%A8%E7%94%BB%E8%A2%AB%E7%BB%88%E6%AD%A2%E8%80%8C%E6%8F%90%E5%89%8D%E8%A7%A6%E5%8F%91"",""属性动画onFinish结束回调在UIAbility退后台时因有限循环动画被终止而提前触发"")",default\src\main\ets\pages\AllasOne.ets:333,已修复,UX交互行为变更
declare interface AnimateParam,ArkTS,5.0.1(13) Beta3,ALL,"=HYPERLINK(""https://developer.huawei.com/consumer/cn/doc/harmonyos-releases/changelogs-ux-b106#%E5%B1%9E%E6%80%A7%E5%8A%A8%E7%94%BBonfinish%E7%BB%93%E6%9D%9F%E5%9B%9E%E8%B0%83%E5%9C%A8uiability%E9%80%80%E5%90%8E%E5%8F%B0%E6%97%B6%E5%9B%A0%E6%9C%89%E9%99%90%E5%BE%AA%E7%8E%AF%E5%8A%A8%E7%94%BB%E8%A2%AB%E7%BB%88%E6%AD%A2%E8%80%8C%E6%8F%90%E5%89%8D%E8%A7%A6%E5%8F%91"",""属性动画onFinish结束回调在UIAbility退后台时因有限循环动画被终止而提前触发"")",default\src\main\ets\pages\AllasOne.ets:335,已修复,UX交互行为变更
declare interface AnimateParam,ArkTS,5.0.1(13) Beta3,ALL,"=HYPERLINK(""https://developer.huawei.com/consumer/cn/doc/harmonyos-releases/changelogs-ux-b106#%E5%B1%9E%E6%80%A7%E5%8A%A8%E7%94%BBonfinish%E7%BB%93%E6%9D%9F%E5%9B%9E%E8%B0%83%E5%9C%A8uiability%E9%80%80%E5%90%8E%E5%8F%B0%E6%97%B6%E5%9B%A0%E6%9C%89%E9%99%90%E5%BE%AA%E7%8E%AF%E5%8A%A8%E7%94%BB%E8%A2%AB%E7%BB%88%E6%AD%A2%E8%80%8C%E6%8F%90%E5%89%8D%E8%A7%A6%E5%8F%91"",""属性动画onFinish结束回调在UIAbility退后台时因有限循环动画被终止而提前触发"")",default\src\main\ets\pages\AnswerPage.ets:87,已修复,UX交互行为变更
declare interface AnimateParam,ArkTS,5.0.1(13) Beta3,ALL,"=HYPERLINK(""https://developer.huawei.com/consumer/cn/doc/harmonyos-releases/changelogs-ux-b106#%E5%B1%9E%E6%80%A7%E5%8A%A8%E7%94%BBonfinish%E7%BB%93%E6%9D%9F%E5%9B%9E%E8%B0%83%E5%9C%A8uiability%E9%80%80%E5%90%8E%E5%8F%B0%E6%97%B6%E5%9B%A0%E6%9C%89%E9%99%90%E5%BE%AA%E7%8E%AF%E5%8A%A8%E7%94%BB%E8%A2%AB%E7%BB%88%E6%AD%A2%E8%80%8C%E6%8F%90%E5%89%8D%E8%A7%A6%E5%8F%91"",""属性动画onFinish结束回调在UIAbility退后台时因有限循环动画被终止而提前触发"")",default\src\main\ets\sub_pages\answer_book\AnswerBookPage.ets:164,已修复,UX交互行为变更
declare interface AnimateParam,ArkTS,5.0.1(13) Beta3,ALL,"=HYPERLINK(""https://developer.huawei.com/consumer/cn/doc/harmonyos-releases/changelogs-ux-b106#%E5%B1%9E%E6%80%A7%E5%8A%A8%E7%94%BBonfinish%E7%BB%93%E6%9D%9F%E5%9B%9E%E8%B0%83%E5%9C%A8uiability%E9%80%80%E5%90%8E%E5%8F%B0%E6%97%B6%E5%9B%A0%E6%9C%89%E9%99%90%E5%BE%AA%E7%8E%AF%E5%8A%A8%E7%94%BB%E8%A2%AB%E7%BB%88%E6%AD%A2%E8%80%8C%E6%8F%90%E5%89%8D%E8%A7%A6%E5%8F%91"",""属性动画onFinish结束回调在UIAbility退后台时因有限循环动画被终止而提前触发"")",default\src\main\ets\sub_pages\blessing_muyu\BlessingMuyu.ets:309,已修复,UX交互行为变更
declare interface AnimateParam,ArkTS,5.0.1(13) Beta3,ALL,"=HYPERLINK(""https://developer.huawei.com/consumer/cn/doc/harmonyos-releases/changelogs-ux-b106#%E5%B1%9E%E6%80%A7%E5%8A%A8%E7%94%BBonfinish%E7%BB%93%E6%9D%9F%E5%9B%9E%E8%B0%83%E5%9C%A8uiability%E9%80%80%E5%90%8E%E5%8F%B0%E6%97%B6%E5%9B%A0%E6%9C%89%E9%99%90%E5%BE%AA%E7%8E%AF%E5%8A%A8%E7%94%BB%E8%A2%AB%E7%BB%88%E6%AD%A2%E8%80%8C%E6%8F%90%E5%89%8D%E8%A7%A6%E5%8F%91"",""属性动画onFinish结束回调在UIAbility退后台时因有限循环动画被终止而提前触发"")",default\src\main\ets\sub_pages\blessing_muyu\BlessingMuyu.ets:316,已修复,UX交互行为变更
declare interface AnimateParam,ArkTS,5.0.1(13) Beta3,ALL,"=HYPERLINK(""https://developer.huawei.com/consumer/cn/doc/harmonyos-releases/changelogs-ux-b106#%E5%B1%9E%E6%80%A7%E5%8A%A8%E7%94%BBonfinish%E7%BB%93%E6%9D%9F%E5%9B%9E%E8%B0%83%E5%9C%A8uiability%E9%80%80%E5%90%8E%E5%8F%B0%E6%97%B6%E5%9B%A0%E6%9C%89%E9%99%90%E5%BE%AA%E7%8E%AF%E5%8A%A8%E7%94%BB%E8%A2%AB%E7%BB%88%E6%AD%A2%E8%80%8C%E6%8F%90%E5%89%8D%E8%A7%A6%E5%8F%91"",""属性动画onFinish结束回调在UIAbility退后台时因有限循环动画被终止而提前触发"")",default\src\main\ets\sub_pages\blessing_muyu\BlessingMuyu.ets:321,已修复,UX交互行为变更
declare interface AnimateParam,ArkTS,5.0.1(13) Beta3,ALL,"=HYPERLINK(""https://developer.huawei.com/consumer/cn/doc/harmonyos-releases/changelogs-ux-b106#%E5%B1%9E%E6%80%A7%E5%8A%A8%E7%94%BBonfinish%E7%BB%93%E6%9D%9F%E5%9B%9E%E8%B0%83%E5%9C%A8uiability%E9%80%80%E5%90%8E%E5%8F%B0%E6%97%B6%E5%9B%A0%E6%9C%89%E9%99%90%E5%BE%AA%E7%8E%AF%E5%8A%A8%E7%94%BB%E8%A2%AB%E7%BB%88%E6%AD%A2%E8%80%8C%E6%8F%90%E5%89%8D%E8%A7%A6%E5%8F%91"",""属性动画onFinish结束回调在UIAbility退后台时因有限循环动画被终止而提前触发"")",default\src\main\ets\sub_pages\blessing_muyu\BlessingMuyu_V2.ets:183,已修复,UX交互行为变更
declare interface AnimateParam,ArkTS,5.0.1(13) Beta3,ALL,"=HYPERLINK(""https://developer.huawei.com/consumer/cn/doc/harmonyos-releases/changelogs-ux-b106#%E5%B1%9E%E6%80%A7%E5%8A%A8%E7%94%BBonfinish%E7%BB%93%E6%9D%9F%E5%9B%9E%E8%B0%83%E5%9C%A8uiability%E9%80%80%E5%90%8E%E5%8F%B0%E6%97%B6%E5%9B%A0%E6%9C%89%E9%99%90%E5%BE%AA%E7%8E%AF%E5%8A%A8%E7%94%BB%E8%A2%AB%E7%BB%88%E6%AD%A2%E8%80%8C%E6%8F%90%E5%89%8D%E8%A7%A6%E5%8F%91"",""属性动画onFinish结束回调在UIAbility退后台时因有限循环动画被终止而提前触发"")",default\src\main\ets\sub_pages\blessing_muyu\BlessingMuyu_V2.ets:186,已修复,UX交互行为变更
declare interface AnimateParam,ArkTS,5.0.1(13) Beta3,ALL,"=HYPERLINK(""https://developer.huawei.com/consumer/cn/doc/harmonyos-releases/changelogs-ux-b106#%E5%B1%9E%E6%80%A7%E5%8A%A8%E7%94%BBonfinish%E7%BB%93%E6%9D%9F%E5%9B%9E%E8%B0%83%E5%9C%A8uiability%E9%80%80%E5%90%8E%E5%8F%B0%E6%97%B6%E5%9B%A0%E6%9C%89%E9%99%90%E5%BE%AA%E7%8E%AF%E5%8A%A8%E7%94%BB%E8%A2%AB%E7%BB%88%E6%AD%A2%E8%80%8C%E6%8F%90%E5%89%8D%E8%A7%A6%E5%8F%91"",""属性动画onFinish结束回调在UIAbility退后台时因有限循环动画被终止而提前触发"")",default\src\main\ets\sub_pages\blessing_muyu\BlessingMuyu_V2.ets:218,已修复,UX交互行为变更
declare interface AnimateParam,ArkTS,5.0.1(13) Beta3,ALL,"=HYPERLINK(""https://developer.huawei.com/consumer/cn/doc/harmonyos-releases/changelogs-ux-b106#%E5%B1%9E%E6%80%A7%E5%8A%A8%E7%94%BBonfinish%E7%BB%93%E6%9D%9F%E5%9B%9E%E8%B0%83%E5%9C%A8uiability%E9%80%80%E5%90%8E%E5%8F%B0%E6%97%B6%E5%9B%A0%E6%9C%89%E9%99%90%E5%BE%AA%E7%8E%AF%E5%8A%A8%E7%94%BB%E8%A2%AB%E7%BB%88%E6%AD%A2%E8%80%8C%E6%8F%90%E5%89%8D%E8%A7%A6%E5%8F%91"",""属性动画onFinish结束回调在UIAbility退后台时因有限循环动画被终止而提前触发"")",default\src\main\ets\sub_pages\blessing_muyu\BlessingMuyu_V2.ets:223,已修复,UX交互行为变更
declare interface AnimateParam,ArkTS,5.0.1(13) Beta3,ALL,"=HYPERLINK(""https://developer.huawei.com/consumer/cn/doc/harmonyos-releases/changelogs-ux-b106#%E5%B1%9E%E6%80%A7%E5%8A%A8%E7%94%BBonfinish%E7%BB%93%E6%9D%9F%E5%9B%9E%E8%B0%83%E5%9C%A8uiability%E9%80%80%E5%90%8E%E5%8F%B0%E6%97%B6%E5%9B%A0%E6%9C%89%E9%99%90%E5%BE%AA%E7%8E%AF%E5%8A%A8%E7%94%BB%E8%A2%AB%E7%BB%88%E6%AD%A2%E8%80%8C%E6%8F%90%E5%89%8D%E8%A7%A6%E5%8F%91"",""属性动画onFinish结束回调在UIAbility退后台时因有限循环动画被终止而提前触发"")",default\src\main\ets\sub_pages\blessing_muyu\BlessingMuyu_V2.ets:227,已修复,UX交互行为变更
declare interface AnimateParam,ArkTS,5.0.1(13) Beta3,ALL,"=HYPERLINK(""https://developer.huawei.com/consumer/cn/doc/harmonyos-releases/changelogs-ux-b106#%E5%B1%9E%E6%80%A7%E5%8A%A8%E7%94%BBonfinish%E7%BB%93%E6%9D%9F%E5%9B%9E%E8%B0%83%E5%9C%A8uiability%E9%80%80%E5%90%8E%E5%8F%B0%E6%97%B6%E5%9B%A0%E6%9C%89%E9%99%90%E5%BE%AA%E7%8E%AF%E5%8A%A8%E7%94%BB%E8%A2%AB%E7%BB%88%E6%AD%A2%E8%80%8C%E6%8F%90%E5%89%8D%E8%A7%A6%E5%8F%91"",""属性动画onFinish结束回调在UIAbility退后台时因有限循环动画被终止而提前触发"")",default\src\main\ets\sub_pages\devine_bagua\DevineBaGua.ets:495,已修复,UX交互行为变更
declare interface AnimateParam,ArkTS,5.0.1(13) Beta3,ALL,"=HYPERLINK(""https://developer.huawei.com/consumer/cn/doc/harmonyos-releases/changelogs-ux-b106#%E5%B1%9E%E6%80%A7%E5%8A%A8%E7%94%BBonfinish%E7%BB%93%E6%9D%9F%E5%9B%9E%E8%B0%83%E5%9C%A8uiability%E9%80%80%E5%90%8E%E5%8F%B0%E6%97%B6%E5%9B%A0%E6%9C%89%E9%99%90%E5%BE%AA%E7%8E%AF%E5%8A%A8%E7%94%BB%E8%A2%AB%E7%BB%88%E6%AD%A2%E8%80%8C%E6%8F%90%E5%89%8D%E8%A7%A6%E5%8F%91"",""属性动画onFinish结束回调在UIAbility退后台时因有限循环动画被终止而提前触发"")",default\src\main\ets\sub_pages\flip_coin\FlipCoin.ets:141,已修复,UX交互行为变更
declare interface AnimateParam,ArkTS,5.0.1(13) Beta3,ALL,"=HYPERLINK(""https://developer.huawei.com/consumer/cn/doc/harmonyos-releases/changelogs-ux-b106#%E5%B1%9E%E6%80%A7%E5%8A%A8%E7%94%BBonfinish%E7%BB%93%E6%9D%9F%E5%9B%9E%E8%B0%83%E5%9C%A8uiability%E9%80%80%E5%90%8E%E5%8F%B0%E6%97%B6%E5%9B%A0%E6%9C%89%E9%99%90%E5%BE%AA%E7%8E%AF%E5%8A%A8%E7%94%BB%E8%A2%AB%E7%BB%88%E6%AD%A2%E8%80%8C%E6%8F%90%E5%89%8D%E8%A7%A6%E5%8F%91"",""属性动画onFinish结束回调在UIAbility退后台时因有限循环动画被终止而提前触发"")",default\src\main\ets\sub_pages\flip_dices\RollDices.ets:116,已修复,UX交互行为变更
declare interface AnimateParam,ArkTS,5.0.1(13) Beta3,ALL,"=HYPERLINK(""https://developer.huawei.com/consumer/cn/doc/harmonyos-releases/changelogs-ux-b106#%E5%B1%9E%E6%80%A7%E5%8A%A8%E7%94%BBonfinish%E7%BB%93%E6%9D%9F%E5%9B%9E%E8%B0%83%E5%9C%A8uiability%E9%80%80%E5%90%8E%E5%8F%B0%E6%97%B6%E5%9B%A0%E6%9C%89%E9%99%90%E5%BE%AA%E7%8E%AF%E5%8A%A8%E7%94%BB%E8%A2%AB%E7%BB%88%E6%AD%A2%E8%80%8C%E6%8F%90%E5%89%8D%E8%A7%A6%E5%8F%91"",""属性动画onFinish结束回调在UIAbility退后台时因有限循环动画被终止而提前触发"")",default\src\main\ets\sub_pages\honest_or_challenge\HonestOrChallenge.ets:171,已修复,UX交互行为变更
declare interface AnimateParam,ArkTS,5.0.1(13) Beta3,ALL,"=HYPERLINK(""https://developer.huawei.com/consumer/cn/doc/harmonyos-releases/changelogs-ux-b106#%E5%B1%9E%E6%80%A7%E5%8A%A8%E7%94%BBonfinish%E7%BB%93%E6%9D%9F%E5%9B%9E%E8%B0%83%E5%9C%A8uiability%E9%80%80%E5%90%8E%E5%8F%B0%E6%97%B6%E5%9B%A0%E6%9C%89%E9%99%90%E5%BE%AA%E7%8E%AF%E5%8A%A8%E7%94%BB%E8%A2%AB%E7%BB%88%E6%AD%A2%E8%80%8C%E6%8F%90%E5%89%8D%E8%A7%A6%E5%8F%91"",""属性动画onFinish结束回调在UIAbility退后台时因有限循环动画被终止而提前触发"")",default\src\main\ets\sub_pages\random_abcd\RandomABCD.ets:153,已修复,UX交互行为变更
onFinish?: () => void,ArkTS,5.0.1(13) Beta3,ALL,"=HYPERLINK(""https://developer.huawei.com/consumer/cn/doc/harmonyos-releases/changelogs-ux-b106#%E5%B1%9E%E6%80%A7%E5%8A%A8%E7%94%BBonfinish%E7%BB%93%E6%9D%9F%E5%9B%9E%E8%B0%83%E5%9C%A8uiability%E9%80%80%E5%90%8E%E5%8F%B0%E6%97%B6%E5%9B%A0%E6%9C%89%E9%99%90%E5%BE%AA%E7%8E%AF%E5%8A%A8%E7%94%BB%E8%A2%AB%E7%BB%88%E6%AD%A2%E8%80%8C%E6%8F%90%E5%89%8D%E8%A7%A6%E5%8F%91"",""属性动画onFinish结束回调在UIAbility退后台时因有限循环动画被终止而提前触发"")",default\src\main\ets\form_cards\BlessingMuyuCard.ets:45,已修复,UX交互行为变更
interface QRCodeInterface,ArkTS,5.0.1(13) Beta3,ALL,"=HYPERLINK(""https://developer.huawei.com/consumer/cn/doc/harmonyos-releases/changelogs-ux-b106#qrcode%E6%B7%B1%E6%B5%85%E8%89%B2%E9%80%82%E9%85%8D%E4%BF%AE%E6%94%B9"",""QRCode深浅色适配修改"")",default\src\main\ets\pages\SettingPage\AboutUs.ets:25,已修复,UX视觉布局变更
interface QRCodeInterface,ArkTS,5.0.1(13) Beta3,ALL,"=HYPERLINK(""https://developer.huawei.com/consumer/cn/doc/harmonyos-releases/changelogs-ux-b106#qrcode%E6%B7%B1%E6%B5%85%E8%89%B2%E9%80%82%E9%85%8D%E4%BF%AE%E6%94%B9"",""QRCode深浅色适配修改"")",default\src\main\ets\sub_pages\trans_qr\TransQR.ets:129,已修复,UX视觉布局变更
"fillText(text: string, x: number, y: number, maxWidth?: number): void",ArkTS,5.0.1(13) Release,5.0.1(13) - 6.1.0(23),"=HYPERLINK(""https://developer.huawei.com/consumer/cn/doc/harmonyos-releases/changelogs-ux-b112#canvasrenderingcontext2d%E5%92%8Coffscreencanvasrenderingcontext2d%E7%9A%84globalcompositeoperation%E5%B1%9E%E6%80%A7%E5%8F%98%E6%9B%B4%E4%B8%BA%E5%9C%A8%E7%BB%98%E5%88%B6%E6%96%87%E6%9C%AC%E6%97%B6%E7%94%9F%E6%95%88"",""画布组件在绘制文本时设置globalCompositeOperation、fillStyle和globalAlpha属性的效果变更"")",default\src\main\ets\form_cards\RollWheelCard.ets:84,已修复,接口行为变更
"fillText(text: string, x: number, y: number, maxWidth?: number): void",ArkTS,5.0.1(13) Release,5.0.1(13) - 6.1.0(23),"=HYPERLINK(""https://developer.huawei.com/consumer/cn/doc/harmonyos-releases/changelogs-ux-b112#canvasrenderingcontext2d%E5%92%8Coffscreencanvasrenderingcontext2d%E7%9A%84globalcompositeoperation%E5%B1%9E%E6%80%A7%E5%8F%98%E6%9B%B4%E4%B8%BA%E5%9C%A8%E7%BB%98%E5%88%B6%E6%96%87%E6%9C%AC%E6%97%B6%E7%94%9F%E6%95%88"",""画布组件在绘制文本时设置globalCompositeOperation、fillStyle和globalAlpha属性的效果变更"")",default\src\main\ets\pages\RollPage\RollWheel.ets:50,已修复,接口行为变更
transition(value: TransitionOptions | TransitionEffect): T,ArkTS,5.0.1(13) Beta3,5.0.1(13) - 6.1.0(23),"=HYPERLINK(""https://developer.huawei.com/consumer/cn/doc/harmonyos-releases/changelogs-for-all-apps-b106#%E7%A6%81%E6%AD%A2%E5%9C%A8%E8%BD%AC%E5%9C%BA%E5%8A%A8%E7%94%BB%E8%BF%87%E7%A8%8B%E4%B8%AD%E6%9B%B4%E6%96%B0%E6%B6%88%E5%A4%B1%E8%8A%82%E7%82%B9%E7%9A%84%E5%B1%9E%E6%80%A7"",""禁止在转场动画过程中，更新消失节点的属性。"")",default\src\main\ets\pages\AllasOne.ets:324,已修复,接口行为变更
showClose?: boolean | Resource,ArkTS,5.0.2(14) Beta1,5.0.2(14) - 6.1.0(23),"=HYPERLINK(""https://developer.huawei.com/consumer/cn/doc/harmonyos-releases/changelogs-ux-b123sp16#bindsheet%E5%8D%8A%E6%A8%A1%E6%80%81%E9%9D%A2%E6%9D%BF%E8%A7%86%E8%A7%89%E6%A0%B7%E5%BC%8F%E5%A2%9E%E5%8A%A0"",""bindSheet半模态面板视觉样式增加"")",default\src\main\ets\pages\RollPage\RollWheelPage.ets:269,未修复,UX视觉布局变更
"title(value: string | CustomBuilder | NavDestinationCommonTitle | NavDestinationCustomTitle | Resource,          options?: NavigationTitleOptions): NavDestinationAttribute",ArkTS,5.0.2(14) Beta1,ALL,"=HYPERLINK(""https://developer.huawei.com/consumer/cn/doc/harmonyos-releases/changelogs-for-all-apps-b123sp16#navigationnavdestination%E7%9A%84title%E5%92%8Cmenus%E6%8E%A5%E5%8F%A3%E6%94%AF%E6%8C%81resource%E7%B1%BB%E5%9E%8B%E8%B5%84%E6%BA%90"",""Navigation的menus接口、NavDestination的title和menus接口支持Resource类型资源"")",default\src\main\ets\pages\RollPage\RollDetailEditor.ets:152,已修复,接口定义变更
"title(value: string | CustomBuilder | NavDestinationCommonTitle | NavDestinationCustomTitle | Resource,          options?: NavigationTitleOptions): NavDestinationAttribute",ArkTS,5.0.2(14) Beta1,ALL,"=HYPERLINK(""https://developer.huawei.com/consumer/cn/doc/harmonyos-releases/changelogs-for-all-apps-b123sp16#navigationnavdestination%E7%9A%84title%E5%92%8Cmenus%E6%8E%A5%E5%8F%A3%E6%94%AF%E6%8C%81resource%E7%B1%BB%E5%9E%8B%E8%B5%84%E6%BA%90"",""Navigation的menus接口、NavDestination的title和menus接口支持Resource类型资源"")",default\src\main\ets\pages\SettingPage\AboutUs.ets:133,已修复,接口定义变更
"title(value: string | CustomBuilder | NavDestinationCommonTitle | NavDestinationCustomTitle | Resource,          options?: NavigationTitleOptions): NavDestinationAttribute",ArkTS,5.0.2(14) Beta1,ALL,"=HYPERLINK(""https://developer.huawei.com/consumer/cn/doc/harmonyos-releases/changelogs-for-all-apps-b123sp16#navigationnavdestination%E7%9A%84title%E5%92%8Cmenus%E6%8E%A5%E5%8F%A3%E6%94%AF%E6%8C%81resource%E7%B1%BB%E5%9E%8B%E8%B5%84%E6%BA%90"",""Navigation的menus接口、NavDestination的title和menus接口支持Resource类型资源"")",default\src\main\ets\pages\SettingPage\ContactUs.ets:57,已修复,接口定义变更
"title(value: string | CustomBuilder | NavDestinationCommonTitle | NavDestinationCustomTitle | Resource,          options?: NavigationTitleOptions): NavDestinationAttribute",ArkTS,5.0.2(14) Beta1,ALL,"=HYPERLINK(""https://developer.huawei.com/consumer/cn/doc/harmonyos-releases/changelogs-for-all-apps-b123sp16#navigationnavdestination%E7%9A%84title%E5%92%8Cmenus%E6%8E%A5%E5%8F%A3%E6%94%AF%E6%8C%81resource%E7%B1%BB%E5%9E%8B%E8%B5%84%E6%BA%90"",""Navigation的menus接口、NavDestination的title和menus接口支持Resource类型资源"")",default\src\main\ets\pages\SettingPage\CopyRight.ets:47,已修复,接口定义变更
"title(value: string | CustomBuilder | NavDestinationCommonTitle | NavDestinationCustomTitle | Resource,          options?: NavigationTitleOptions): NavDestinationAttribute",ArkTS,5.0.2(14) Beta1,ALL,"=HYPERLINK(""https://developer.huawei.com/consumer/cn/doc/harmonyos-releases/changelogs-for-all-apps-b123sp16#navigationnavdestination%E7%9A%84title%E5%92%8Cmenus%E6%8E%A5%E5%8F%A3%E6%94%AF%E6%8C%81resource%E7%B1%BB%E5%9E%8B%E8%B5%84%E6%BA%90"",""Navigation的menus接口、NavDestination的title和menus接口支持Resource类型资源"")",default\src\main\ets\pages\SettingPage\MoreOpt.ets:495,已修复,接口定义变更
"title(value: string | CustomBuilder | NavDestinationCommonTitle | NavDestinationCustomTitle | Resource,          options?: NavigationTitleOptions): NavDestinationAttribute",ArkTS,5.0.2(14) Beta1,ALL,"=HYPERLINK(""https://developer.huawei.com/consumer/cn/doc/harmonyos-releases/changelogs-for-all-apps-b123sp16#navigationnavdestination%E7%9A%84title%E5%92%8Cmenus%E6%8E%A5%E5%8F%A3%E6%94%AF%E6%8C%81resource%E7%B1%BB%E5%9E%8B%E8%B5%84%E6%BA%90"",""Navigation的menus接口、NavDestination的title和menus接口支持Resource类型资源"")",default\src\main\ets\pages\SettingPage\Options.ets:144,已修复,接口定义变更
"title(value: string | CustomBuilder | NavDestinationCommonTitle | NavDestinationCustomTitle | Resource,          options?: NavigationTitleOptions): NavDestinationAttribute",ArkTS,5.0.2(14) Beta1,ALL,"=HYPERLINK(""https://developer.huawei.com/consumer/cn/doc/harmonyos-releases/changelogs-for-all-apps-b123sp16#navigationnavdestination%E7%9A%84title%E5%92%8Cmenus%E6%8E%A5%E5%8F%A3%E6%94%AF%E6%8C%81resource%E7%B1%BB%E5%9E%8B%E8%B5%84%E6%BA%90"",""Navigation的menus接口、NavDestination的title和menus接口支持Resource类型资源"")",default\src\main\ets\pages\SettingPage\PrivacyPolicy.ets:16,已修复,接口定义变更
borderRadius(value: Length | BorderRadiuses | LocalizedBorderRadiuses): T,ArkTS,5.0.2(14) Beta1,5.0.2(14) - 6.1.0(23),"=HYPERLINK(""https://developer.huawei.com/consumer/cn/doc/harmonyos-releases/changelogs-for-all-apps-b123sp16#image%E7%BB%84%E4%BB%B6%E7%9A%84borderradius%E6%8E%A5%E5%8F%A3%E6%94%AF%E6%8C%81%E5%8A%A8%E6%80%81%E4%BF%AE%E6%94%B9"",""Image组件的borderRadius接口支持动态修改"")",default\src\main\ets\form_cards\BaGuaCard.ets:18,未修复,接口行为变更
borderRadius(value: Length | BorderRadiuses | LocalizedBorderRadiuses): T,ArkTS,5.0.2(14) Beta1,5.0.2(14) - 6.1.0(23),"=HYPERLINK(""https://developer.huawei.com/consumer/cn/doc/harmonyos-releases/changelogs-for-all-apps-b123sp16#image%E7%BB%84%E4%BB%B6%E7%9A%84borderradius%E6%8E%A5%E5%8F%A3%E6%94%AF%E6%8C%81%E5%8A%A8%E6%80%81%E4%BF%AE%E6%94%B9"",""Image组件的borderRadius接口支持动态修改"")",default\src\main\ets\pages\RandomPage.ets:172,未修复,接口行为变更
borderRadius(value: Length | BorderRadiuses | LocalizedBorderRadiuses): T,ArkTS,5.0.2(14) Beta1,5.0.2(14) - 6.1.0(23),"=HYPERLINK(""https://developer.huawei.com/consumer/cn/doc/harmonyos-releases/changelogs-for-all-apps-b123sp16#image%E7%BB%84%E4%BB%B6%E7%9A%84borderradius%E6%8E%A5%E5%8F%A3%E6%94%AF%E6%8C%81%E5%8A%A8%E6%80%81%E4%BF%AE%E6%94%B9"",""Image组件的borderRadius接口支持动态修改"")",default\src\main\ets\pages\RandomPage.ets:87,未修复,接口行为变更
zIndex(value: number): T,ArkTS,5.0.2(14) Beta1,5.0.2(14) - 6.1.0(23),"=HYPERLINK(""https://developer.huawei.com/consumer/cn/doc/harmonyos-releases/changelogs-for-all-apps-b123sp16#%E4%BF%AE%E5%A4%8Dzindex%E6%8E%A5%E5%8F%A3%E4%BC%9A%E5%BD%B1%E5%93%8D%E7%BB%84%E4%BB%B6%E5%9C%A83d%E5%8F%98%E6%8D%A2%E4%B8%AD%E7%9A%84%E9%80%8F%E8%A7%86%E6%95%88%E6%9E%9C%E7%9A%84%E9%94%99%E8%AF%AF%E8%A1%8C%E4%B8%BA"",""修复zIndex接口会影响组件在3D变换中的透视效果的错误行为"")",default\src\main\ets\pages\Index.ets:302,未修复,接口行为变更
zIndex(value: number): T,ArkTS,5.0.2(14) Beta1,5.0.2(14) - 6.1.0(23),"=HYPERLINK(""https://developer.huawei.com/consumer/cn/doc/harmonyos-releases/changelogs-for-all-apps-b123sp16#%E4%BF%AE%E5%A4%8Dzindex%E6%8E%A5%E5%8F%A3%E4%BC%9A%E5%BD%B1%E5%93%8D%E7%BB%84%E4%BB%B6%E5%9C%A83d%E5%8F%98%E6%8D%A2%E4%B8%AD%E7%9A%84%E9%80%8F%E8%A7%86%E6%95%88%E6%9E%9C%E7%9A%84%E9%94%99%E8%AF%AF%E8%A1%8C%E4%B8%BA"",""修复zIndex接口会影响组件在3D变换中的透视效果的错误行为"")",default\src\main\ets\pages\RollPage\RollWheelPage.ets:143,未修复,接口行为变更
zIndex(value: number): T,ArkTS,5.0.2(14) Beta1,5.0.2(14) - 6.1.0(23),"=HYPERLINK(""https://developer.huawei.com/consumer/cn/doc/harmonyos-releases/changelogs-for-all-apps-b123sp16#%E4%BF%AE%E5%A4%8Dzindex%E6%8E%A5%E5%8F%A3%E4%BC%9A%E5%BD%B1%E5%93%8D%E7%BB%84%E4%BB%B6%E5%9C%A83d%E5%8F%98%E6%8D%A2%E4%B8%AD%E7%9A%84%E9%80%8F%E8%A7%86%E6%95%88%E6%9E%9C%E7%9A%84%E9%94%99%E8%AF%AF%E8%A1%8C%E4%B8%BA"",""修复zIndex接口会影响组件在3D变换中的透视效果的错误行为"")",default\src\main\ets\sub_pages\answer_book\AnswerBookPage.ets:68,未修复,接口行为变更
zIndex(value: number): T,ArkTS,5.0.2(14) Beta1,5.0.2(14) - 6.1.0(23),"=HYPERLINK(""https://developer.huawei.com/consumer/cn/doc/harmonyos-releases/changelogs-for-all-apps-b123sp16#%E4%BF%AE%E5%A4%8Dzindex%E6%8E%A5%E5%8F%A3%E4%BC%9A%E5%BD%B1%E5%93%8D%E7%BB%84%E4%BB%B6%E5%9C%A83d%E5%8F%98%E6%8D%A2%E4%B8%AD%E7%9A%84%E9%80%8F%E8%A7%86%E6%95%88%E6%9E%9C%E7%9A%84%E9%94%99%E8%AF%AF%E8%A1%8C%E4%B8%BA"",""修复zIndex接口会影响组件在3D变换中的透视效果的错误行为"")",default\src\main\ets\sub_pages\blessing_muyu\BlessingMuyu.ets:140,未修复,接口行为变更
zIndex(value: number): T,ArkTS,5.0.2(14) Beta1,5.0.2(14) - 6.1.0(23),"=HYPERLINK(""https://developer.huawei.com/consumer/cn/doc/harmonyos-releases/changelogs-for-all-apps-b123sp16#%E4%BF%AE%E5%A4%8Dzindex%E6%8E%A5%E5%8F%A3%E4%BC%9A%E5%BD%B1%E5%93%8D%E7%BB%84%E4%BB%B6%E5%9C%A83d%E5%8F%98%E6%8D%A2%E4%B8%AD%E7%9A%84%E9%80%8F%E8%A7%86%E6%95%88%E6%9E%9C%E7%9A%84%E9%94%99%E8%AF%AF%E8%A1%8C%E4%B8%BA"",""修复zIndex接口会影响组件在3D变换中的透视效果的错误行为"")",default\src\main\ets\sub_pages\blessing_muyu\BlessingMuyu.ets:156,未修复,接口行为变更
zIndex(value: number): T,ArkTS,5.0.2(14) Beta1,5.0.2(14) - 6.1.0(23),"=HYPERLINK(""https://developer.huawei.com/consumer/cn/doc/harmonyos-releases/changelogs-for-all-apps-b123sp16#%E4%BF%AE%E5%A4%8Dzindex%E6%8E%A5%E5%8F%A3%E4%BC%9A%E5%BD%B1%E5%93%8D%E7%BB%84%E4%BB%B6%E5%9C%A83d%E5%8F%98%E6%8D%A2%E4%B8%AD%E7%9A%84%E9%80%8F%E8%A7%86%E6%95%88%E6%9E%9C%E7%9A%84%E9%94%99%E8%AF%AF%E8%A1%8C%E4%B8%BA"",""修复zIndex接口会影响组件在3D变换中的透视效果的错误行为"")",default\src\main\ets\sub_pages\blessing_muyu\BlessingMuyu.ets:172,未修复,接口行为变更
zIndex(value: number): T,ArkTS,5.0.2(14) Beta1,5.0.2(14) - 6.1.0(23),"=HYPERLINK(""https://developer.huawei.com/consumer/cn/doc/harmonyos-releases/changelogs-for-all-apps-b123sp16#%E4%BF%AE%E5%A4%8Dzindex%E6%8E%A5%E5%8F%A3%E4%BC%9A%E5%BD%B1%E5%93%8D%E7%BB%84%E4%BB%B6%E5%9C%A83d%E5%8F%98%E6%8D%A2%E4%B8%AD%E7%9A%84%E9%80%8F%E8%A7%86%E6%95%88%E6%9E%9C%E7%9A%84%E9%94%99%E8%AF%AF%E8%A1%8C%E4%B8%BA"",""修复zIndex接口会影响组件在3D变换中的透视效果的错误行为"")",default\src\main\ets\sub_pages\blessing_muyu\BlessingMuyu.ets:188,未修复,接口行为变更
zIndex(value: number): T,ArkTS,5.0.2(14) Beta1,5.0.2(14) - 6.1.0(23),"=HYPERLINK(""https://developer.huawei.com/consumer/cn/doc/harmonyos-releases/changelogs-for-all-apps-b123sp16#%E4%BF%AE%E5%A4%8Dzindex%E6%8E%A5%E5%8F%A3%E4%BC%9A%E5%BD%B1%E5%93%8D%E7%BB%84%E4%BB%B6%E5%9C%A83d%E5%8F%98%E6%8D%A2%E4%B8%AD%E7%9A%84%E9%80%8F%E8%A7%86%E6%95%88%E6%9E%9C%E7%9A%84%E9%94%99%E8%AF%AF%E8%A1%8C%E4%B8%BA"",""修复zIndex接口会影响组件在3D变换中的透视效果的错误行为"")",default\src\main\ets\sub_pages\blessing_muyu\BlessingMuyu.ets:204,未修复,接口行为变更
zIndex(value: number): T,ArkTS,5.0.2(14) Beta1,5.0.2(14) - 6.1.0(23),"=HYPERLINK(""https://developer.huawei.com/consumer/cn/doc/harmonyos-releases/changelogs-for-all-apps-b123sp16#%E4%BF%AE%E5%A4%8Dzindex%E6%8E%A5%E5%8F%A3%E4%BC%9A%E5%BD%B1%E5%93%8D%E7%BB%84%E4%BB%B6%E5%9C%A83d%E5%8F%98%E6%8D%A2%E4%B8%AD%E7%9A%84%E9%80%8F%E8%A7%86%E6%95%88%E6%9E%9C%E7%9A%84%E9%94%99%E8%AF%AF%E8%A1%8C%E4%B8%BA"",""修复zIndex接口会影响组件在3D变换中的透视效果的错误行为"")",default\src\main\ets\sub_pages\blessing_muyu\BlessingMuyu.ets:220,未修复,接口行为变更
zIndex(value: number): T,ArkTS,5.0.2(14) Beta1,5.0.2(14) - 6.1.0(23),"=HYPERLINK(""https://developer.huawei.com/consumer/cn/doc/harmonyos-releases/changelogs-for-all-apps-b123sp16#%E4%BF%AE%E5%A4%8Dzindex%E6%8E%A5%E5%8F%A3%E4%BC%9A%E5%BD%B1%E5%93%8D%E7%BB%84%E4%BB%B6%E5%9C%A83d%E5%8F%98%E6%8D%A2%E4%B8%AD%E7%9A%84%E9%80%8F%E8%A7%86%E6%95%88%E6%9E%9C%E7%9A%84%E9%94%99%E8%AF%AF%E8%A1%8C%E4%B8%BA"",""修复zIndex接口会影响组件在3D变换中的透视效果的错误行为"")",default\src\main\ets\sub_pages\blessing_muyu\BlessingMuyu.ets:236,未修复,接口行为变更
zIndex(value: number): T,ArkTS,5.0.2(14) Beta1,5.0.2(14) - 6.1.0(23),"=HYPERLINK(""https://developer.huawei.com/consumer/cn/doc/harmonyos-releases/changelogs-for-all-apps-b123sp16#%E4%BF%AE%E5%A4%8Dzindex%E6%8E%A5%E5%8F%A3%E4%BC%9A%E5%BD%B1%E5%93%8D%E7%BB%84%E4%BB%B6%E5%9C%A83d%E5%8F%98%E6%8D%A2%E4%B8%AD%E7%9A%84%E9%80%8F%E8%A7%86%E6%95%88%E6%9E%9C%E7%9A%84%E9%94%99%E8%AF%AF%E8%A1%8C%E4%B8%BA"",""修复zIndex接口会影响组件在3D变换中的透视效果的错误行为"")",default\src\main\ets\sub_pages\blessing_muyu\BlessingMuyu.ets:252,未修复,接口行为变更
zIndex(value: number): T,ArkTS,5.0.2(14) Beta1,5.0.2(14) - 6.1.0(23),"=HYPERLINK(""https://developer.huawei.com/consumer/cn/doc/harmonyos-releases/changelogs-for-all-apps-b123sp16#%E4%BF%AE%E5%A4%8Dzindex%E6%8E%A5%E5%8F%A3%E4%BC%9A%E5%BD%B1%E5%93%8D%E7%BB%84%E4%BB%B6%E5%9C%A83d%E5%8F%98%E6%8D%A2%E4%B8%AD%E7%9A%84%E9%80%8F%E8%A7%86%E6%95%88%E6%9E%9C%E7%9A%84%E9%94%99%E8%AF%AF%E8%A1%8C%E4%B8%BA"",""修复zIndex接口会影响组件在3D变换中的透视效果的错误行为"")",default\src\main\ets\sub_pages\blessing_muyu\BlessingMuyu.ets:268,未修复,接口行为变更
zIndex(value: number): T,ArkTS,5.0.2(14) Beta1,5.0.2(14) - 6.1.0(23),"=HYPERLINK(""https://developer.huawei.com/consumer/cn/doc/harmonyos-releases/changelogs-for-all-apps-b123sp16#%E4%BF%AE%E5%A4%8Dzindex%E6%8E%A5%E5%8F%A3%E4%BC%9A%E5%BD%B1%E5%93%8D%E7%BB%84%E4%BB%B6%E5%9C%A83d%E5%8F%98%E6%8D%A2%E4%B8%AD%E7%9A%84%E9%80%8F%E8%A7%86%E6%95%88%E6%9E%9C%E7%9A%84%E9%94%99%E8%AF%AF%E8%A1%8C%E4%B8%BA"",""修复zIndex接口会影响组件在3D变换中的透视效果的错误行为"")",default\src\main\ets\sub_pages\blessing_muyu\BlessingMuyu.ets:284,未修复,接口行为变更
zIndex(value: number): T,ArkTS,5.0.2(14) Beta1,5.0.2(14) - 6.1.0(23),"=HYPERLINK(""https://developer.huawei.com/consumer/cn/doc/harmonyos-releases/changelogs-for-all-apps-b123sp16#%E4%BF%AE%E5%A4%8Dzindex%E6%8E%A5%E5%8F%A3%E4%BC%9A%E5%BD%B1%E5%93%8D%E7%BB%84%E4%BB%B6%E5%9C%A83d%E5%8F%98%E6%8D%A2%E4%B8%AD%E7%9A%84%E9%80%8F%E8%A7%86%E6%95%88%E6%9E%9C%E7%9A%84%E9%94%99%E8%AF%AF%E8%A1%8C%E4%B8%BA"",""修复zIndex接口会影响组件在3D变换中的透视效果的错误行为"")",default\src\main\ets\sub_pages\blessing_muyu\BlessingMuyu.ets:65,未修复,接口行为变更
zIndex(value: number): T,ArkTS,5.0.2(14) Beta1,5.0.2(14) - 6.1.0(23),"=HYPERLINK(""https://developer.huawei.com/consumer/cn/doc/harmonyos-releases/changelogs-for-all-apps-b123sp16#%E4%BF%AE%E5%A4%8Dzindex%E6%8E%A5%E5%8F%A3%E4%BC%9A%E5%BD%B1%E5%93%8D%E7%BB%84%E4%BB%B6%E5%9C%A83d%E5%8F%98%E6%8D%A2%E4%B8%AD%E7%9A%84%E9%80%8F%E8%A7%86%E6%95%88%E6%9E%9C%E7%9A%84%E9%94%99%E8%AF%AF%E8%A1%8C%E4%B8%BA"",""修复zIndex接口会影响组件在3D变换中的透视效果的错误行为"")",default\src\main\ets\sub_pages\blessing_muyu\BlessingMuyu_V2.ets:102,未修复,接口行为变更
zIndex(value: number): T,ArkTS,5.0.2(14) Beta1,5.0.2(14) - 6.1.0(23),"=HYPERLINK(""https://developer.huawei.com/consumer/cn/doc/harmonyos-releases/changelogs-for-all-apps-b123sp16#%E4%BF%AE%E5%A4%8Dzindex%E6%8E%A5%E5%8F%A3%E4%BC%9A%E5%BD%B1%E5%93%8D%E7%BB%84%E4%BB%B6%E5%9C%A83d%E5%8F%98%E6%8D%A2%E4%B8%AD%E7%9A%84%E9%80%8F%E8%A7%86%E6%95%88%E6%9E%9C%E7%9A%84%E9%94%99%E8%AF%AF%E8%A1%8C%E4%B8%BA"",""修复zIndex接口会影响组件在3D变换中的透视效果的错误行为"")",default\src\main\ets\sub_pages\blessing_muyu\BlessingMuyu_V2.ets:259,未修复,接口行为变更
zIndex(value: number): T,ArkTS,5.0.2(14) Beta1,5.0.2(14) - 6.1.0(23),"=HYPERLINK(""https://developer.huawei.com/consumer/cn/doc/harmonyos-releases/changelogs-for-all-apps-b123sp16#%E4%BF%AE%E5%A4%8Dzindex%E6%8E%A5%E5%8F%A3%E4%BC%9A%E5%BD%B1%E5%93%8D%E7%BB%84%E4%BB%B6%E5%9C%A83d%E5%8F%98%E6%8D%A2%E4%B8%AD%E7%9A%84%E9%80%8F%E8%A7%86%E6%95%88%E6%9E%9C%E7%9A%84%E9%94%99%E8%AF%AF%E8%A1%8C%E4%B8%BA"",""修复zIndex接口会影响组件在3D变换中的透视效果的错误行为"")",default\src\main\ets\sub_pages\devine_bagua\DevineBaGua.ets:67,未修复,接口行为变更
zIndex(value: number): T,ArkTS,5.0.2(14) Beta1,5.0.2(14) - 6.1.0(23),"=HYPERLINK(""https://developer.huawei.com/consumer/cn/doc/harmonyos-releases/changelogs-for-all-apps-b123sp16#%E4%BF%AE%E5%A4%8Dzindex%E6%8E%A5%E5%8F%A3%E4%BC%9A%E5%BD%B1%E5%93%8D%E7%BB%84%E4%BB%B6%E5%9C%A83d%E5%8F%98%E6%8D%A2%E4%B8%AD%E7%9A%84%E9%80%8F%E8%A7%86%E6%95%88%E6%9E%9C%E7%9A%84%E9%94%99%E8%AF%AF%E8%A1%8C%E4%B8%BA"",""修复zIndex接口会影响组件在3D变换中的透视效果的错误行为"")",default\src\main\ets\sub_pages\flip_coin\FlipCoin.ets:66,未修复,接口行为变更
zIndex(value: number): T,ArkTS,5.0.2(14) Beta1,5.0.2(14) - 6.1.0(23),"=HYPERLINK(""https://developer.huawei.com/consumer/cn/doc/harmonyos-releases/changelogs-for-all-apps-b123sp16#%E4%BF%AE%E5%A4%8Dzindex%E6%8E%A5%E5%8F%A3%E4%BC%9A%E5%BD%B1%E5%93%8D%E7%BB%84%E4%BB%B6%E5%9C%A83d%E5%8F%98%E6%8D%A2%E4%B8%AD%E7%9A%84%E9%80%8F%E8%A7%86%E6%95%88%E6%9E%9C%E7%9A%84%E9%94%99%E8%AF%AF%E8%A1%8C%E4%B8%BA"",""修复zIndex接口会影响组件在3D变换中的透视效果的错误行为"")",default\src\main\ets\sub_pages\flip_dices\RollDices.ets:65,未修复,接口行为变更
zIndex(value: number): T,ArkTS,5.0.2(14) Beta1,5.0.2(14) - 6.1.0(23),"=HYPERLINK(""https://developer.huawei.com/consumer/cn/doc/harmonyos-releases/changelogs-for-all-apps-b123sp16#%E4%BF%AE%E5%A4%8Dzindex%E6%8E%A5%E5%8F%A3%E4%BC%9A%E5%BD%B1%E5%93%8D%E7%BB%84%E4%BB%B6%E5%9C%A83d%E5%8F%98%E6%8D%A2%E4%B8%AD%E7%9A%84%E9%80%8F%E8%A7%86%E6%95%88%E6%9E%9C%E7%9A%84%E9%94%99%E8%AF%AF%E8%A1%8C%E4%B8%BA"",""修复zIndex接口会影响组件在3D变换中的透视效果的错误行为"")",default\src\main\ets\sub_pages\honest_or_challenge\HonestOrChallenge.ets:161,未修复,接口行为变更
zIndex(value: number): T,ArkTS,5.0.2(14) Beta1,5.0.2(14) - 6.1.0(23),"=HYPERLINK(""https://developer.huawei.com/consumer/cn/doc/harmonyos-releases/changelogs-for-all-apps-b123sp16#%E4%BF%AE%E5%A4%8Dzindex%E6%8E%A5%E5%8F%A3%E4%BC%9A%E5%BD%B1%E5%93%8D%E7%BB%84%E4%BB%B6%E5%9C%A83d%E5%8F%98%E6%8D%A2%E4%B8%AD%E7%9A%84%E9%80%8F%E8%A7%86%E6%95%88%E6%9E%9C%E7%9A%84%E9%94%99%E8%AF%AF%E8%A1%8C%E4%B8%BA"",""修复zIndex接口会影响组件在3D变换中的透视效果的错误行为"")",default\src\main\ets\sub_pages\honest_or_challenge\HonestOrChallenge.ets:203,未修复,接口行为变更
zIndex(value: number): T,ArkTS,5.0.2(14) Beta1,5.0.2(14) - 6.1.0(23),"=HYPERLINK(""https://developer.huawei.com/consumer/cn/doc/harmonyos-releases/changelogs-for-all-apps-b123sp16#%E4%BF%AE%E5%A4%8Dzindex%E6%8E%A5%E5%8F%A3%E4%BC%9A%E5%BD%B1%E5%93%8D%E7%BB%84%E4%BB%B6%E5%9C%A83d%E5%8F%98%E6%8D%A2%E4%B8%AD%E7%9A%84%E9%80%8F%E8%A7%86%E6%95%88%E6%9E%9C%E7%9A%84%E9%94%99%E8%AF%AF%E8%A1%8C%E4%B8%BA"",""修复zIndex接口会影响组件在3D变换中的透视效果的错误行为"")",default\src\main\ets\sub_pages\random_abcd\RandomABCD.ets:66,未修复,接口行为变更
zIndex(value: number): T,ArkTS,5.0.2(14) Beta1,5.0.2(14) - 6.1.0(23),"=HYPERLINK(""https://developer.huawei.com/consumer/cn/doc/harmonyos-releases/changelogs-for-all-apps-b123sp16#%E4%BF%AE%E5%A4%8Dzindex%E6%8E%A5%E5%8F%A3%E4%BC%9A%E5%BD%B1%E5%93%8D%E7%BB%84%E4%BB%B6%E5%9C%A83d%E5%8F%98%E6%8D%A2%E4%B8%AD%E7%9A%84%E9%80%8F%E8%A7%86%E6%95%88%E6%9E%9C%E7%9A%84%E9%94%99%E8%AF%AF%E8%A1%8C%E4%B8%BA"",""修复zIndex接口会影响组件在3D变换中的透视效果的错误行为"")",default\src\main\ets\sub_pages\random_colors\RandomColors.ets:65,未修复,接口行为变更
zIndex(value: number): T,ArkTS,5.0.2(14) Beta1,5.0.2(14) - 6.1.0(23),"=HYPERLINK(""https://developer.huawei.com/consumer/cn/doc/harmonyos-releases/changelogs-for-all-apps-b123sp16#%E4%BF%AE%E5%A4%8Dzindex%E6%8E%A5%E5%8F%A3%E4%BC%9A%E5%BD%B1%E5%93%8D%E7%BB%84%E4%BB%B6%E5%9C%A83d%E5%8F%98%E6%8D%A2%E4%B8%AD%E7%9A%84%E9%80%8F%E8%A7%86%E6%95%88%E6%9E%9C%E7%9A%84%E9%94%99%E8%AF%AF%E8%A1%8C%E4%B8%BA"",""修复zIndex接口会影响组件在3D变换中的透视效果的错误行为"")",default\src\main\ets\sub_pages\random_foods\RandomFoods.ets:66,未修复,接口行为变更
zIndex(value: number): T,ArkTS,5.0.2(14) Beta1,5.0.2(14) - 6.1.0(23),"=HYPERLINK(""https://developer.huawei.com/consumer/cn/doc/harmonyos-releases/changelogs-for-all-apps-b123sp16#%E4%BF%AE%E5%A4%8Dzindex%E6%8E%A5%E5%8F%A3%E4%BC%9A%E5%BD%B1%E5%93%8D%E7%BB%84%E4%BB%B6%E5%9C%A83d%E5%8F%98%E6%8D%A2%E4%B8%AD%E7%9A%84%E9%80%8F%E8%A7%86%E6%95%88%E6%9E%9C%E7%9A%84%E9%94%99%E8%AF%AF%E8%A1%8C%E4%B8%BA"",""修复zIndex接口会影响组件在3D变换中的透视效果的错误行为"")",default\src\main\ets\sub_pages\random_names\RandomNames.ets:65,未修复,接口行为变更
zIndex(value: number): T,ArkTS,5.0.2(14) Beta1,5.0.2(14) - 6.1.0(23),"=HYPERLINK(""https://developer.huawei.com/consumer/cn/doc/harmonyos-releases/changelogs-for-all-apps-b123sp16#%E4%BF%AE%E5%A4%8Dzindex%E6%8E%A5%E5%8F%A3%E4%BC%9A%E5%BD%B1%E5%93%8D%E7%BB%84%E4%BB%B6%E5%9C%A83d%E5%8F%98%E6%8D%A2%E4%B8%AD%E7%9A%84%E9%80%8F%E8%A7%86%E6%95%88%E6%9E%9C%E7%9A%84%E9%94%99%E8%AF%AF%E8%A1%8C%E4%B8%BA"",""修复zIndex接口会影响组件在3D变换中的透视效果的错误行为"")",default\src\main\ets\sub_pages\random_numbers\RandomNumbers.ets:65,未修复,接口行为变更
zIndex(value: number): T,ArkTS,5.0.2(14) Beta1,5.0.2(14) - 6.1.0(23),"=HYPERLINK(""https://developer.huawei.com/consumer/cn/doc/harmonyos-releases/changelogs-for-all-apps-b123sp16#%E4%BF%AE%E5%A4%8Dzindex%E6%8E%A5%E5%8F%A3%E4%BC%9A%E5%BD%B1%E5%93%8D%E7%BB%84%E4%BB%B6%E5%9C%A83d%E5%8F%98%E6%8D%A2%E4%B8%AD%E7%9A%84%E9%80%8F%E8%A7%86%E6%95%88%E6%9E%9C%E7%9A%84%E9%94%99%E8%AF%AF%E8%A1%8C%E4%B8%BA"",""修复zIndex接口会影响组件在3D变换中的透视效果的错误行为"")",default\src\main\ets\sub_pages\random_places\RandomPlaces.ets:67,未修复,接口行为变更
zIndex(value: number): T,ArkTS,5.0.2(14) Beta1,5.0.2(14) - 6.1.0(23),"=HYPERLINK(""https://developer.huawei.com/consumer/cn/doc/harmonyos-releases/changelogs-for-all-apps-b123sp16#%E4%BF%AE%E5%A4%8Dzindex%E6%8E%A5%E5%8F%A3%E4%BC%9A%E5%BD%B1%E5%93%8D%E7%BB%84%E4%BB%B6%E5%9C%A83d%E5%8F%98%E6%8D%A2%E4%B8%AD%E7%9A%84%E9%80%8F%E8%A7%86%E6%95%88%E6%9E%9C%E7%9A%84%E9%94%99%E8%AF%AF%E8%A1%8C%E4%B8%BA"",""修复zIndex接口会影响组件在3D变换中的透视效果的错误行为"")",default\src\main\ets\sub_pages\trans_qr\TransQR.ets:66,未修复,接口行为变更
declare const Button: ButtonInterface,ArkTS,5.1.0(18) Release,5.1.0(18) - 6.1.0(23),"=HYPERLINK(""https://developer.huawei.com/consumer/cn/doc/harmonyos-releases/changelogs-ux-5101/#section174"",""按钮默认值变更为新增圆角矩形类型"")",basic\src\main\ets\components\ColorPickerComponent\ColorPickerDialog.ets:625,未修复,UX视觉布局变更
declare const Button: ButtonInterface,ArkTS,5.1.0(18) Release,5.1.0(18) - 6.1.0(23),"=HYPERLINK(""https://developer.huawei.com/consumer/cn/doc/harmonyos-releases/changelogs-ux-5101/#section174"",""按钮默认值变更为新增圆角矩形类型"")",basic\src\main\ets\components\ColorPickerComponent\ColorPickerDialog.ets:633,未修复,UX视觉布局变更
declare const Button: ButtonInterface,ArkTS,5.1.0(18) Release,5.1.0(18) - 6.1.0(23),"=HYPERLINK(""https://developer.huawei.com/consumer/cn/doc/harmonyos-releases/changelogs-ux-5101/#section174"",""按钮默认值变更为新增圆角矩形类型"")",default\src\main\ets\design_privew\components.ets:6,未修复,UX视觉布局变更
declare const Button: ButtonInterface,ArkTS,5.1.0(18) Release,5.1.0(18) - 6.1.0(23),"=HYPERLINK(""https://developer.huawei.com/consumer/cn/doc/harmonyos-releases/changelogs-ux-5101/#section174"",""按钮默认值变更为新增圆角矩形类型"")",default\src\main\ets\design_privew\components.ets:7,未修复,UX视觉布局变更
declare const Button: ButtonInterface,ArkTS,5.1.0(18) Release,5.1.0(18) - 6.1.0(23),"=HYPERLINK(""https://developer.huawei.com/consumer/cn/doc/harmonyos-releases/changelogs-ux-5101/#section174"",""按钮默认值变更为新增圆角矩形类型"")",default\src\main\ets\design_privew\components.ets:8,未修复,UX视觉布局变更
declare const Button: ButtonInterface,ArkTS,5.1.0(18) Release,5.1.0(18) - 6.1.0(23),"=HYPERLINK(""https://developer.huawei.com/consumer/cn/doc/harmonyos-releases/changelogs-ux-5101/#section174"",""按钮默认值变更为新增圆角矩形类型"")",default\src\main\ets\pages\Index.ets:82,未修复,UX视觉布局变更
declare const Button: ButtonInterface,ArkTS,5.1.0(18) Release,5.1.0(18) - 6.1.0(23),"=HYPERLINK(""https://developer.huawei.com/consumer/cn/doc/harmonyos-releases/changelogs-ux-5101/#section174"",""按钮默认值变更为新增圆角矩形类型"")",default\src\main\ets\pages\Index.ets:93,未修复,UX视觉布局变更
declare const Button: ButtonInterface,ArkTS,5.1.0(18) Release,5.1.0(18) - 6.1.0(23),"=HYPERLINK(""https://developer.huawei.com/consumer/cn/doc/harmonyos-releases/changelogs-ux-5101/#section174"",""按钮默认值变更为新增圆角矩形类型"")",default\src\main\ets\pages\RollPage\RollEditor.ets:45,未修复,UX视觉布局变更
declare const Button: ButtonInterface,ArkTS,5.1.0(18) Release,5.1.0(18) - 6.1.0(23),"=HYPERLINK(""https://developer.huawei.com/consumer/cn/doc/harmonyos-releases/changelogs-ux-5101/#section174"",""按钮默认值变更为新增圆角矩形类型"")",default\src\main\ets\pages\RollPage\RollWheelPage.ets:106,未修复,UX视觉布局变更
declare const Button: ButtonInterface,ArkTS,5.1.0(18) Release,5.1.0(18) - 6.1.0(23),"=HYPERLINK(""https://developer.huawei.com/consumer/cn/doc/harmonyos-releases/changelogs-ux-5101/#section174"",""按钮默认值变更为新增圆角矩形类型"")",default\src\main\ets\pages\RollPage\RollWheelPage.ets:186,未修复,UX视觉布局变更
declare const Button: ButtonInterface,ArkTS,5.1.0(18) Release,5.1.0(18) - 6.1.0(23),"=HYPERLINK(""https://developer.huawei.com/consumer/cn/doc/harmonyos-releases/changelogs-ux-5101/#section174"",""按钮默认值变更为新增圆角矩形类型"")",default\src\main\ets\pages\RollPage\RollWheelPage.ets:208,未修复,UX视觉布局变更
declare const Button: ButtonInterface,ArkTS,5.1.0(18) Release,5.1.0(18) - 6.1.0(23),"=HYPERLINK(""https://developer.huawei.com/consumer/cn/doc/harmonyos-releases/changelogs-ux-5101/#section174"",""按钮默认值变更为新增圆角矩形类型"")",default\src\main\ets\pages\RollPage\RollWheelPage.ets:236,未修复,UX视觉布局变更
declare const Button: ButtonInterface,ArkTS,5.1.0(18) Release,5.1.0(18) - 6.1.0(23),"=HYPERLINK(""https://developer.huawei.com/consumer/cn/doc/harmonyos-releases/changelogs-ux-5101/#section174"",""按钮默认值变更为新增圆角矩形类型"")",default\src\main\ets\pages\RollPage\RollWheelPage.ets:79,未修复,UX视觉布局变更
declare const Button: ButtonInterface,ArkTS,5.1.0(18) Release,5.1.0(18) - 6.1.0(23),"=HYPERLINK(""https://developer.huawei.com/consumer/cn/doc/harmonyos-releases/changelogs-ux-5101/#section174"",""按钮默认值变更为新增圆角矩形类型"")",default\src\main\ets\sub_pages\devine_bagua\DevineBaGua.ets:482,未修复,UX视觉布局变更
declare const Button: ButtonInterface,ArkTS,5.1.0(18) Release,5.1.0(18) - 6.1.0(23),"=HYPERLINK(""https://developer.huawei.com/consumer/cn/doc/harmonyos-releases/changelogs-ux-5101/#section174"",""按钮默认值变更为新增圆角矩形类型"")",default\src\main\ets\sub_pages\flip_coin\FlipCoin.ets:148,未修复,UX视觉布局变更
declare const Button: ButtonInterface,ArkTS,5.1.0(18) Release,5.1.0(18) - 6.1.0(23),"=HYPERLINK(""https://developer.huawei.com/consumer/cn/doc/harmonyos-releases/changelogs-ux-5101/#section174"",""按钮默认值变更为新增圆角矩形类型"")",default\src\main\ets\sub_pages\flip_dices\RollDices.ets:120,未修复,UX视觉布局变更
declare const Button: ButtonInterface,ArkTS,5.1.0(18) Release,5.1.0(18) - 6.1.0(23),"=HYPERLINK(""https://developer.huawei.com/consumer/cn/doc/harmonyos-releases/changelogs-ux-5101/#section174"",""按钮默认值变更为新增圆角矩形类型"")",default\src\main\ets\sub_pages\honest_or_challenge\HonestOrChallenge.ets:67,未修复,UX视觉布局变更
declare const Button: ButtonInterface,ArkTS,5.1.0(18) Release,5.1.0(18) - 6.1.0(23),"=HYPERLINK(""https://developer.huawei.com/consumer/cn/doc/harmonyos-releases/changelogs-ux-5101/#section174"",""按钮默认值变更为新增圆角矩形类型"")",default\src\main\ets\sub_pages\honest_or_challenge\HonestOrChallenge.ets:77,未修复,UX视觉布局变更
declare const Button: ButtonInterface,ArkTS,5.1.0(18) Release,5.1.0(18) - 6.1.0(23),"=HYPERLINK(""https://developer.huawei.com/consumer/cn/doc/harmonyos-releases/changelogs-ux-5101/#section174"",""按钮默认值变更为新增圆角矩形类型"")",default\src\main\ets\sub_pages\random_abcd\RandomABCD.ets:162,未修复,UX视觉布局变更
declare const Button: ButtonInterface,ArkTS,5.1.0(18) Release,5.1.0(18) - 6.1.0(23),"=HYPERLINK(""https://developer.huawei.com/consumer/cn/doc/harmonyos-releases/changelogs-ux-5101/#section174"",""按钮默认值变更为新增圆角矩形类型"")",default\src\main\ets\sub_pages\random_colors\RandomColors.ets:475,未修复,UX视觉布局变更
declare const Button: ButtonInterface,ArkTS,5.1.0(18) Release,5.1.0(18) - 6.1.0(23),"=HYPERLINK(""https://developer.huawei.com/consumer/cn/doc/harmonyos-releases/changelogs-ux-5101/#section174"",""按钮默认值变更为新增圆角矩形类型"")",default\src\main\ets\sub_pages\random_foods\RandomFoods.ets:119,未修复,UX视觉布局变更
declare const Button: ButtonInterface,ArkTS,5.1.0(18) Release,5.1.0(18) - 6.1.0(23),"=HYPERLINK(""https://developer.huawei.com/consumer/cn/doc/harmonyos-releases/changelogs-ux-5101/#section174"",""按钮默认值变更为新增圆角矩形类型"")",default\src\main\ets\sub_pages\random_names\RandomNames.ets:234,未修复,UX视觉布局变更
declare const Button: ButtonInterface,ArkTS,5.1.0(18) Release,5.1.0(18) - 6.1.0(23),"=HYPERLINK(""https://developer.huawei.com/consumer/cn/doc/harmonyos-releases/changelogs-ux-5101/#section174"",""按钮默认值变更为新增圆角矩形类型"")",default\src\main\ets\sub_pages\random_numbers\RandomNumbers.ets:232,未修复,UX视觉布局变更
declare const Button: ButtonInterface,ArkTS,5.1.0(18) Release,5.1.0(18) - 6.1.0(23),"=HYPERLINK(""https://developer.huawei.com/consumer/cn/doc/harmonyos-releases/changelogs-ux-5101/#section174"",""按钮默认值变更为新增圆角矩形类型"")",default\src\main\ets\sub_pages\random_places\RandomPlaces.ets:189,未修复,UX视觉布局变更
declare const Button: ButtonInterface,ArkTS,5.1.0(18) Release,5.1.0(18) - 6.1.0(23),"=HYPERLINK(""https://developer.huawei.com/consumer/cn/doc/harmonyos-releases/changelogs-ux-5101/#section174"",""按钮默认值变更为新增圆角矩形类型"")",default\src\main\ets\sub_pages\trans_qr\TransQR.ets:167,未修复,UX视觉布局变更
"arc(x: number, y: number, radius: number, startAngle: number, endAngle: number, counterclockwise?: boolean): void",ArkTS,5.1.0(18) Release,5.1.0(18) - 6.1.0(23),"=HYPERLINK(""https://developer.huawei.com/consumer/cn/doc/harmonyos-releases/changelogs-for-all-apps-5101/#section159"",""CanvasRenderingContext2D方法传NaN和Infinity值后执行的其他绘制方法由不绘制变更为正常绘制"")",default\src\main\ets\form_cards\RollWheelCard.ets:64,未修复,接口行为变更
"arc(x: number, y: number, radius: number, startAngle: number, endAngle: number, counterclockwise?: boolean): void",ArkTS,5.1.0(18) Release,5.1.0(18) - 6.1.0(23),"=HYPERLINK(""https://developer.huawei.com/consumer/cn/doc/harmonyos-releases/changelogs-for-all-apps-5101/#section159"",""CanvasRenderingContext2D方法传NaN和Infinity值后执行的其他绘制方法由不绘制变更为正常绘制"")",default\src\main\ets\form_cards\RollWheelCard.ets:95,未修复,接口行为变更
"arc(x: number, y: number, radius: number, startAngle: number, endAngle: number, counterclockwise?: boolean): void",ArkTS,5.1.0(18) Release,5.1.0(18) - 6.1.0(23),"=HYPERLINK(""https://developer.huawei.com/consumer/cn/doc/harmonyos-releases/changelogs-for-all-apps-5101/#section159"",""CanvasRenderingContext2D方法传NaN和Infinity值后执行的其他绘制方法由不绘制变更为正常绘制"")",default\src\main\ets\pages\RollPage\RollWheel.ets:29,未修复,接口行为变更
"arc(x: number, y: number, radius: number, startAngle: number, endAngle: number, counterclockwise?: boolean): void",ArkTS,5.1.0(18) Release,5.1.0(18) - 6.1.0(23),"=HYPERLINK(""https://developer.huawei.com/consumer/cn/doc/harmonyos-releases/changelogs-for-all-apps-5101/#section159"",""CanvasRenderingContext2D方法传NaN和Infinity值后执行的其他绘制方法由不绘制变更为正常绘制"")",default\src\main\ets\pages\RollPage\RollWheel.ets:62,未修复,接口行为变更
"moveTo(x: number, y: number): void",ArkTS,5.1.0(18) Release,5.1.0(18) - 6.1.0(23),"=HYPERLINK(""https://developer.huawei.com/consumer/cn/doc/harmonyos-releases/changelogs-for-all-apps-5101/#section159"",""CanvasRenderingContext2D方法传NaN和Infinity值后执行的其他绘制方法由不绘制变更为正常绘制"")",default\src\main\ets\form_cards\RollWheelCard.ets:63,未修复,接口行为变更
"moveTo(x: number, y: number): void",ArkTS,5.1.0(18) Release,5.1.0(18) - 6.1.0(23),"=HYPERLINK(""https://developer.huawei.com/consumer/cn/doc/harmonyos-releases/changelogs-for-all-apps-5101/#section159"",""CanvasRenderingContext2D方法传NaN和Infinity值后执行的其他绘制方法由不绘制变更为正常绘制"")",default\src\main\ets\form_cards\RollWheelCard.ets:94,未修复,接口行为变更
"moveTo(x: number, y: number): void",ArkTS,5.1.0(18) Release,5.1.0(18) - 6.1.0(23),"=HYPERLINK(""https://developer.huawei.com/consumer/cn/doc/harmonyos-releases/changelogs-for-all-apps-5101/#section159"",""CanvasRenderingContext2D方法传NaN和Infinity值后执行的其他绘制方法由不绘制变更为正常绘制"")",default\src\main\ets\pages\RollPage\RollWheel.ets:28,未修复,接口行为变更
"moveTo(x: number, y: number): void",ArkTS,5.1.0(18) Release,5.1.0(18) - 6.1.0(23),"=HYPERLINK(""https://developer.huawei.com/consumer/cn/doc/harmonyos-releases/changelogs-for-all-apps-5101/#section159"",""CanvasRenderingContext2D方法传NaN和Infinity值后执行的其他绘制方法由不绘制变更为正常绘制"")",default\src\main\ets\pages\RollPage\RollWheel.ets:61,未修复,接口行为变更
"translate(x: number, y: number): void",ArkTS,5.1.0(18) Release,5.1.0(18) - 6.1.0(23),"=HYPERLINK(""https://developer.huawei.com/consumer/cn/doc/harmonyos-releases/changelogs-for-all-apps-5101/#section159"",""CanvasRenderingContext2D方法传NaN和Infinity值后执行的其他绘制方法由不绘制变更为正常绘制"")",default\src\main\ets\form_cards\RollWheelCard.ets:74,未修复,接口行为变更
"translate(x: number, y: number): void",ArkTS,5.1.0(18) Release,5.1.0(18) - 6.1.0(23),"=HYPERLINK(""https://developer.huawei.com/consumer/cn/doc/harmonyos-releases/changelogs-for-all-apps-5101/#section159"",""CanvasRenderingContext2D方法传NaN和Infinity值后执行的其他绘制方法由不绘制变更为正常绘制"")",default\src\main\ets\pages\RollPage\RollWheel.ets:40,未修复,接口行为变更
rotate(angle: number): void,ArkTS,5.1.0(18) Release,5.1.0(18) - 6.1.0(23),"=HYPERLINK(""https://developer.huawei.com/consumer/cn/doc/harmonyos-releases/changelogs-for-all-apps-5101/#section159"",""CanvasRenderingContext2D方法传NaN和Infinity值后执行的其他绘制方法由不绘制变更为正常绘制"")",default\src\main\ets\form_cards\RollWheelCard.ets:75,未修复,接口行为变更
rotate(angle: number): void,ArkTS,5.1.0(18) Release,5.1.0(18) - 6.1.0(23),"=HYPERLINK(""https://developer.huawei.com/consumer/cn/doc/harmonyos-releases/changelogs-for-all-apps-5101/#section159"",""CanvasRenderingContext2D方法传NaN和Infinity值后执行的其他绘制方法由不绘制变更为正常绘制"")",default\src\main\ets\pages\RollPage\RollWheel.ets:41,未修复,接口行为变更
